"0","lun.","10:30","20:30"
"0","mar.","10:30","20:30"
"0","mer.","10:30","20:30"
"0","jeu.","10:30","20:30"
"0","ven.","10:30","20:30"
"0","sam.","10:30","20:00"
"0","dim.","",""
"1","lun.","","16:30-20:30"
"1","mar.","10:00","20:30"
"1","mer.","10:00","20:30"
"1","jeu.","10:00","20:30"
"1","ven.","10:00","20:30"
"1","sam.","10:00","20:30"
"1","dim.","10:00-18:00",""
"2","lun.","10:00","20:30"
"2","mar.","10:00","20:30"
"2","mer.","10:00","20:30"
"2","jeu.","10:00","20:30"
"2","ven.","10:00","20:30"
"2","sam.","10:00","20:30"
"2","dim.","10:00-13:00",""
"3","lun.","","15:30-20:30"
"3","mar.","10:30-13:30","15:30-20:30"
"3","mer.","10:30-13:30","15:30-20:30"
"3","jeu.","10:30-13:30","15:30-20:30"
"3","ven.","10:30-13:30","15:30-20:30"
"3","sam.","10:30-13:30","15:30-20:30"
"3","dim.","",""
"4","lun.","","16:00-20:00"
"4","mar.","10:00","20:30"
"4","mer.","10:00","20:30"
"4","jeu.","10:00","20:30"
"4","ven.","10:00","20:30"
"4","sam.","10:00","20:30"
"4","dim.","10:00-13:00",""
"5","lun.","","16:00-20:30"
"5","mar.","10:00","20:30"
"5","mer.","10:00","20:30"
"5","jeu.","10:00","20:30"
"5","ven.","10:00","20:30"
"5","sam.","10:00","20:30"
"5","dim.","10:00-13:00",""
"6","lun.","10:00","20:00"
"6","mar.","10:00","20:00"
"6","mer.","10:00","20:00"
"6","jeu.","10:00","20:00"
"6","ven.","10:00","20:30"
"6","sam.","10:00","20:30"
"6","dim.","",""
"7","lun.","",""
"7","mar.","","15:30-21:00"
"7","mer.","11:30","21:00"
"7","jeu.","11:30","21:00"
"7","ven.","11:30","21:00"
"7","sam.","11:30","20:30"
"7","dim.","11:30","20:00"
"8","lun.","","16:00-20:30"
"8","mar.","10:00","20:30"
"8","mer.","10:00","20:30"
"8","jeu.","10:00","20:30"
"8","ven.","10:00","20:30"
"8","sam.","10:00","20:30"
"8","dim.","10:00-13:30",""
"9","lun.","",""
"9","mar.","09:30-13:00","15:30-20:00"
"9","mer.","09:30-13:00","15:30-20:00"
"9","jeu.","09:30-13:00","15:30-20:00"
"9","ven.","09:30-13:00","15:30-20:15"
"9","sam.","09:30","20:15"
"9","dim.","09:30-13:00",""
"10","lun.","10:00","20:30"
"10","mar.","10:00","20:30"
"10","mer.","10:00","20:30"
"10","jeu.","10:00","20:30"
"10","ven.","10:00","20:30"
"10","sam.","10:00","20:30"
"10","dim.","",""
"11","lun.","","15:30-20:00"
"11","mar.","09:30","20:00"
"11","mer.","09:30","20:00"
"11","jeu.","09:30","20:00"
"11","ven.","09:30","20:00"
"11","sam.","09:30","20:00"
"11","dim.","09:30-13:00",""
"12","lun.","","15:00-20:30"
"12","mar.","09:30","20:30"
"12","mer.","09:30","20:30"
"12","jeu.","09:30","20:30"
"12","ven.","09:30","20:30"
"12","sam.","09:30","20:30"
"12","dim.","10:00-14:00","15:00-19:00"
"13","lun.","","16:00-20:30"
"13","mar.","10:30","20:30"
"13","mer.","10:30","20:00"
"13","jeu.","10:30","20:00"
"13","ven.","10:30","20:30"
"13","sam.","10:30","20:30"
"13","dim.","11:00","19:00"
"14","lun.","","16:00-20:30"
"14","mar.","10:00","20:30"
"14","mer.","10:00","20:30"
"14","jeu.","10:00","20:30"
"14","ven.","10:00","20:30"
"14","sam.","10:00","20:30"
"14","dim.","",""
"15","lun.","","16:00-20:00"
"15","mar.","11:00-14:00","15:30-20:30"
"15","mer.","11:00-14:00","15:30-20:30"
"15","jeu.","11:00-14:00","15:30-20:30"
"15","ven.","11:00-14:00","15:30-20:30"
"15","sam.","11:00-14:00","15:30-20:30"
"15","dim.","",""
"16","lun.","","16:00-20:30"
"16","mar.","09:30-14:00","15:00-20:30"
"16","mer.","09:30-14:00","15:00-20:30"
"16","jeu.","09:30-14:00","15:00-20:30"
"16","ven.","09:30-14:00","15:00-20:30"
"16","sam.","09:30","20:30"
"16","dim.","10:00-13:00",""
"17","lun.","","15:30-20:30"
"17","mar.","11:00-14:00","15:30-20:30"
"17","mer.","11:00-14:00","15:30-20:30"
"17","jeu.","11:00-14:00","15:30-20:30"
"17","ven.","11:00-14:00","15:30-20:30"
"17","sam.","11:00-14:00","15:30-20:30"
"17","dim.","",""
"18","lun.","","16:00-20:30"
"18","mar.","10:00-13:00","15:30-20:00"
"18","mer.","10:00-13:30","15:30-20:00"
"18","jeu.","10:00-13:00","15:30-20:00"
"18","ven.","10:00-13:00","15:30-20:00"
"18","sam.","10:00-13:00","15:30-20:00"
"18","dim.","",""
"19","lun.","10:00","20:30"
"19","mar.","10:00","20:30"
"19","mer.","10:00","20:30"
"19","jeu.","10:00","20:30"
"19","ven.","10:00","20:30"
"19","sam.","10:00","20:30"
"19","dim.","",""
"20","lun.","","16:00-20:00"
"20","mar.","10:00-13:30","14:30-20:00"
"20","mer.","10:00-13:30","14:30-20:00"
"20","jeu.","10:00-13:30","14:30-20:00"
"20","ven.","10:00-13:30","14:00-20:00"
"20","sam.","10:00-13:30","14:00-20:00"
"20","dim.","10:00-13:00",""
"21","lun.","","16:00-20:30"
"21","mar.","10:30-13:30","16:00-20:30"
"21","mer.","10:30-14:00","16:00-20:30"
"21","jeu.","10:30-13:30","16:30-20:30"
"21","ven.","10:30-13:30","16:30-20:30"
"21","sam.","10:30-13:30","16:00-20:30"
"21","dim.","",""
"22","lun.","","14:30-20:00"
"22","mar.","10:00","20:00"
"22","mer.","10:00","20:00"
"22","jeu.","10:00","20:00"
"22","ven.","10:00","20:00"
"22","sam.","10:00","20:00"
"22","dim.","",""
"23","lun.","",""
"23","mar.","10:00","20:00"
"23","mer.","10:00","20:00"
"23","jeu.","10:00","20:00"
"23","ven.","10:00","20:00"
"23","sam.","10:00-13:00","15:00-20:00"
"23","dim.","",""
"24","lun.","","16:00-20:00"
"24","mar.","09:30","20:30"
"24","mer.","09:30","20:30"
"24","jeu.","09:30","20:30"
"24","ven.","09:30","20:30"
"24","sam.","09:30","20:30"
"24","dim.","10:00","19:00"
"25","lun.","","15:30-20:00"
"25","mar.","10:00-15:00","15:30-20:00"
"25","mer.","10:00-15:00","15:30-20:00"
"25","jeu.","10:00","20:00"
"25","ven.","10:00","20:00"
"25","sam.","10:00","20:00"
"25","dim.","",""
"26","lun.","","16:00-20:30"
"26","mar.","10:30-13:30","16:00-20:30"
"26","mer.","10:30-13:30","16:00-20:30"
"26","jeu.","10:30-13:30","16:00-20:30"
"26","ven.","10:30-13:30","16:00-20:30"
"26","sam.","10:30-13:00","16:30-20:30"
"26","dim.","",""
"27","lun.","","17:00-20:00"
"27","mar.","10:00-13:30","15:00-20:00"
"27","mer.","10:00-14:00","15:30-20:00"
"27","jeu.","10:00-13:30","15:30-20:00"
"27","ven.","10:00-13:30","15:30-20:00"
"27","sam.","10:00-13:30","15:00-20:00"
"27","dim.","",""
"28","lun.","","15:00-20:00"
"28","mar.","10:00","20:30"
"28","mer.","10:00","20:30"
"28","jeu.","10:00","20:30"
"28","ven.","10:00","20:30"
"28","sam.","10:00","20:00"
"28","dim.","",""
"29","lun.","",""
"29","mar.","09:00-13:30","15:30-20:00"
"29","mer.","09:00-13:30","15:30-20:00"
"29","jeu.","09:00-13:30","15:30-20:00"
"29","ven.","09:00-13:30","15:30-20:00"
"29","sam.","09:00-13:00","15:30-20:00"
"29","dim.","09:00-13:00",""
"30","lun.","","16:00-20:30"
"30","mar.","10:30-13:00","15:30-20:30"
"30","mer.","10:30-13:30","15:30-20:30"
"30","jeu.","10:00-13:00","15:30-21:00"
"30","ven.","10:00-13:00","15:30-21:00"
"30","sam.","10:30-13:00","15:30-21:00"
"30","dim.","",""
"31","lun.","","15:30-20:00"
"31","mar.","10:00-14:00","15:00-20:00"
"31","mer.","10:00-14:00","15:00-20:00"
"31","jeu.","10:00-14:00","15:00-20:00"
"31","ven.","10:00-14:00","15:00-20:00"
"31","sam.","10:00","20:00"
"31","dim.","",""
"32","lun.","","15:30-20:30"
"32","mar.","10:30-13:00","15:30-20:30"
"32","mer.","10:30-13:30","15:30-20:30"
"32","jeu.","10:30-13:00","15:30-20:30"
"32","ven.","10:30-13:00","15:30-20:30"
"32","sam.","10:30-13:00","15:30-20:30"
"32","dim.","",""
"33","lun.","","16:00-20:00"
"33","mar.","10:00","20:30"
"33","mer.","10:00","20:30"
"33","jeu.","10:00","20:30"
"33","ven.","10:00","20:30"
"33","sam.","10:00","20:30"
"33","dim.","10:00-13:30",""
"34","lun.","","15:30-20:00"
"34","mar.","10:00-14:00","15:30-20:00"
"34","mer.","10:00-14:00","15:30-20:00"
"34","jeu.","10:00-14:00","15:30-20:00"
"34","ven.","10:00-14:00","16:00-20:00"
"34","sam.","10:00-13:30","15:30-20:00"
"34","dim.","",""
"35","lun.","","16:00-20:00"
"35","mar.","10:30","20:00"
"35","mer.","10:30","20:00"
"35","jeu.","11:30","20:00"
"35","ven.","11:30","20:00"
"35","sam.","10:30","20:00"
"35","dim.","10:30-13:00",""
"36","lun.","13:00","20:00"
"36","mar.","09:30","20:00"
"36","mer.","09:30","20:00"
"36","jeu.","09:30","20:00"
"36","ven.","09:30","20:00"
"36","sam.","09:30","20:30"
"36","dim.","09:30-13:00",""
"37","lun.","","17:00-20:30"
"37","mar.","10:00","20:30"
"37","mer.","10:00","20:30"
"37","jeu.","10:00","20:30"
"37","ven.","10:00","20:30"
"37","sam.","10:00","20:30"
"37","dim.","",""
"38","lun.","10:00","20:00"
"38","mar.","10:00","20:00"
"38","mer.","10:00","20:00"
"38","jeu.","10:00","20:00"
"38","ven.","10:00","20:00"
"38","sam.","10:00","20:00"
"38","dim.","",""
"39","lun.","","16:00-20:00"
"39","mar.","10:00","20:30"
"39","mer.","10:00","20:30"
"39","jeu.","10:00","20:30"
"39","ven.","10:00","20:30"
"39","sam.","10:00","20:30"
"39","dim.","",""
"40","lun.","","15:30-20:30"
"40","mar.","10:00-13:30","15:30-20:30"
"40","mer.","10:00-13:30","15:30-20:30"
"40","jeu.","10:00-13:30","15:30-20:30"
"40","ven.","10:00-13:30","15:30-20:30"
"40","sam.","10:00-13:00","15:30-20:30"
"40","dim.","",""
"41","lun.","","15:30-20:00"
"41","mar.","10:00","20:00"
"41","mer.","10:00","20:00"
"41","jeu.","10:00","20:00"
"41","ven.","10:00","20:00"
"41","sam.","10:00","20:00"
"41","dim.","",""
"42","lun.","10:00","20:30"
"42","mar.","10:00","20:30"
"42","mer.","10:00","20:30"
"42","jeu.","10:00","20:30"
"42","ven.","10:00","20:30"
"42","sam.","10:00","20:30"
"42","dim.","",""
"43","lun.","","16:00-20:30"
"43","mar.","10:00-13:30","15:00-20:30"
"43","mer.","10:00-13:30","15:00-20:30"
"43","jeu.","10:00-13:30","15:00-20:30"
"43","ven.","10:00-13:30","15:00-20:30"
"43","sam.","10:00-13:30","15:00-20:30"
"43","dim.","",""
"44","lun.","",""
"44","mar.","10:00-13:30","16:00-20:00"
"44","mer.","10:00-13:30","16:00-20:00"
"44","jeu.","10:00-13:30","16:00-20:00"
"44","ven.","10:00-13:30","16:00-20:00"
"44","sam.","10:00-13:00","16:00-20:00"
"44","dim.","10:00-13:00",""
"45","lun.","","16:00-20:30"
"45","mar.","10:00-13:30","15:30-20:30"
"45","mer.","10:00-14:00","15:30-20:30"
"45","jeu.","10:00-13:30","15:30-20:30"
"45","ven.","10:00-13:30","15:30-20:30"
"45","sam.","10:00-13:30","15:30-20:30"
"45","dim.","",""
"47","lun.","","16:30-20:30"
"47","mar.","10:00-13:00","15:30-20:30"
"47","mer.","10:00-13:00","15:30-20:30"
"47","jeu.","10:00-13:00","15:30-20:30"
"47","ven.","10:00-13:00","15:30-20:30"
"47","sam.","10:00","20:00"
"47","dim.","",""
"48","lun.","","15:30-20:00"
"48","mar.","10:00-14:00","14:30-20:30"
"48","mer.","10:00-14:00","14:30-20:30"
"48","jeu.","10:00-14:00","14:30-20:30"
"48","ven.","10:00-14:00","14:30-20:30"
"48","sam.","10:00","20:30"
"48","dim.","10:00-13:00",""
"49","lun.","10:00","20:30"
"49","mar.","10:00","20:30"
"49","mer.","10:00","20:30"
"49","jeu.","10:00","20:30"
"49","ven.","10:00","20:30"
"49","sam.","10:00","20:00"
"49","dim.","",""
"50","lun.","","15:00-20:00"
"50","mar.","11:00-14:30","15:30-20:00"
"50","mer.","11:00-14:30","15:30-20:00"
"50","jeu.","11:00-14:30","15:30-20:00"
"50","ven.","11:00-14:30","15:30-20:00"
"50","sam.","11:00-14:30","15:30-20:00"
"50","dim.","",""
"52","lun.","",""
"52","mar.","09:30-13:00","15:30-20:00"
"52","mer.","09:30-13:30","15:30-20:00"
"52","jeu.","09:30-13:00","15:30-20:00"
"52","ven.","09:30-13:00","15:30-20:00"
"52","sam.","09:30-13:00","15:30-20:00"
"52","dim.","10:00-13:00",""
"53","lun.","10:00-13:00","15:00-20:30"
"53","mar.","10:00-13:00","15:00-20:30"
"53","mer.","10:00-13:00","15:00-20:30"
"53","jeu.","10:00-13:00","15:00-20:30"
"53","ven.","10:00","20:30"
"53","sam.","10:00","20:30"
"53","dim.","",""
"54","lun.","","14:30-20:00"
"54","mar.","10:00","20:00"
"54","mer.","10:00","20:00"
"54","jeu.","10:00","20:00"
"54","ven.","10:00","20:00"
"54","sam.","10:00","20:00"
"54","dim.","",""
"55","lun.","13:00","20:00"
"55","mar.","09:00","20:00"
"55","mer.","09:00","20:00"
"55","jeu.","09:00","20:00"
"55","ven.","09:00","20:00"
"55","sam.","09:00","20:00"
"55","dim.","10:00-13:00",""
"56","lun.","",""
"56","mar.","09:30-13:00","15:00-20:00"
"56","mer.","09:30-13:00","15:00-20:00"
"56","jeu.","09:30-13:00","15:00-20:00"
"56","ven.","09:30-13:00","15:00-20:00"
"56","sam.","09:30-13:00","15:00-20:00"
"56","dim.","09:30-13:00",""
"57","lun.","","16:00-20:30"
"57","mar.","11:30-14:00","16:00-20:30"
"57","mer.","11:30-14:00","16:00-20:30"
"57","jeu.","10:30-14:00","16:00-20:30"
"57","ven.","10:30-14:00","16:00-20:30"
"57","sam.","10:30-13:00","14:30-20:00"
"57","dim.","",""
"58","lun.","","16:00-20:00"
"58","mar.","10:00-13:30","16:00-20:00"
"58","mer.","10:00-13:30","16:00-20:00"
"58","jeu.","10:00-13:30","16:00-20:00"
"58","ven.","10:00-13:30","16:00-20:00"
"58","sam.","10:00-13:00","15:00-21:00"
"58","dim.","",""
"59","lun.","10:00","20:00"
"59","mar.","10:00","20:00"
"59","mer.","10:00","20:00"
"59","jeu.","10:00","20:00"
"59","ven.","10:00","20:00"
"59","sam.","10:00","20:00"
"59","dim.","",""
"60","lun.","","16:00-20:00"
"60","mar.","10:30-14:30","16:00-20:00"
"60","mer.","10:30-14:30","16:00-20:00"
"60","jeu.","10:30-14:30","16:00-20:00"
"60","ven.","10:30","20:00"
"60","sam.","10:30-13:30","15:00-20:00"
"60","dim.","",""
"61","lun.","10:00","20:30"
"61","mar.","10:00","20:30"
"61","mer.","10:00","20:30"
"61","jeu.","10:00","20:30"
"61","ven.","10:00","20:30"
"61","sam.","10:00","20:30"
"61","dim.","",""
"62","lun.","","17:00-20:00"
"62","mar.","09:30-14:00","14:30-20:00"
"62","mer.","09:30-14:00","14:30-20:00"
"62","jeu.","09:30-14:00","14:30-20:00"
"62","ven.","09:30-14:00","14:30-20:00"
"62","sam.","09:30","20:00"
"62","dim.","09:30-13:00",""
"63","lun.","","16:30-20:30"
"63","mar.","10:00-14:00","15:00-20:30"
"63","mer.","10:00-14:00","15:00-20:30"
"63","jeu.","10:00-14:00","15:00-20:30"
"63","ven.","10:00-14:00","15:00-20:30"
"63","sam.","10:00-13:30","15:00-20:00"
"63","dim.","",""
"64","lun.","",""
"64","mar.","10:00-13:30","15:00-20:00"
"64","mer.","10:00-13:30","15:00-20:00"
"64","jeu.","10:00-13:30","15:00-20:00"
"64","ven.","10:00-13:30","15:00-20:00"
"64","sam.","10:00","20:00"
"64","dim.","10:00-13:00",""
"65","lun.","","16:00-20:30"
"65","mar.","10:00","20:30"
"65","mer.","10:00","20:30"
"65","jeu.","10:00","20:30"
"65","ven.","10:00","20:30"
"65","sam.","10:00","20:30"
"65","dim.","10:00-13:00",""
"66","lun.","",""
"66","mar.","10:00-13:30","15:00-20:00"
"66","mer.","10:00-13:30","15:00-20:00"
"66","jeu.","10:00-13:30","15:00-20:00"
"66","ven.","10:00-13:30","15:00-20:00"
"66","sam.","09:00-13:30","15:00-20:00"
"66","dim.","10:00-13:00",""
"67","lun.","","16:00-20:00"
"67","mar.","10:00-13:00","15:30-20:00"
"67","mer.","10:00-13:00","15:30-20:00"
"67","jeu.","10:00-13:00","15:30-20:00"
"67","ven.","10:00-13:00","15:30-20:00"
"67","sam.","10:00-13:00","15:30-20:00"
"67","dim.","",""
"68","lun.","09:30","20:30"
"68","mar.","10:00","20:30"
"68","mer.","10:00","20:30"
"68","jeu.","10:00","20:30"
"68","ven.","10:00","20:30"
"68","sam.","10:00","20:30"
"68","dim.","",""
"69","lun.","",""
"69","mar.","09:00-13:00","15:30-20:00"
"69","mer.","09:00-13:30","15:30-20:00"
"69","jeu.","09:00-13:30","15:30-20:00"
"69","ven.","09:00-13:30","16:00-20:00"
"69","sam.","09:00","20:00"
"69","dim.","09:00-13:00",""
"70","lun.","","16:00-20:00"
"70","mar.","10:00","20:00"
"70","mer.","10:00","20:00"
"70","jeu.","10:00","20:00"
"70","ven.","10:00","20:30"
"70","sam.","10:00","20:30"
"70","dim.","10:00-13:30",""
"71","lun.","09:30-13:00","15:30-20:00"
"71","mar.","09:30-13:00","15:30-20:00"
"71","mer.","09:30-13:00","15:30-20:00"
"71","jeu.","09:30-13:00","15:30-20:00"
"71","ven.","09:30-13:00","15:30-20:00"
"71","sam.","09:30-13:00","15:00-20:00"
"71","dim.","10:00-13:00",""
"72","lun.","","16:00-20:30"
"72","mar.","10:00","20:30"
"72","mer.","10:00","20:30"
"72","jeu.","10:00","20:30"
"72","ven.","10:00","20:30"
"72","sam.","10:00","20:30"
"72","dim.","",""
"73","lun.","","15:30-20:30"
"73","mar.","10:00-14:00","14:30-20:30"
"73","mer.","10:00-14:00","14:30-20:00"
"73","jeu.","10:00-14:00","14:30-20:00"
"73","ven.","10:00-14:00","14:30-20:30"
"73","sam.","10:00","20:30"
"73","dim.","10:00-13:30",""
"74","lun.","","15:30-20:00"
"74","mar.","10:00-13:30","15:00-20:00"
"74","mer.","10:00-13:30","15:00-20:00"
"74","jeu.","10:00-13:30","15:00-20:00"
"74","ven.","10:00-13:30","15:00-20:00"
"74","sam.","10:00","20:00"
"74","dim.","",""
"75","lun.","","14:30-20:00"
"75","mar.","09:30","20:00"
"75","mer.","09:30","20:00"
"75","jeu.","09:30","20:00"
"75","ven.","09:30","20:00"
"75","sam.","10:00","19:30"
"75","dim.","",""
"76","lun.","","16:00-20:00"
"76","mar.","09:30-13:00","15:30-20:30"
"76","mer.","09:30-13:30","15:30-20:30"
"76","jeu.","09:30-13:00","15:30-20:30"
"76","ven.","09:30-13:00","15:30-20:30"
"76","sam.","09:30","20:30"
"76","dim.","09:30-13:00",""
"77","lun.","","16:00-20:00"
"77","mar.","10:00","20:00"
"77","mer.","10:00","20:00"
"77","jeu.","10:00","20:00"
"77","ven.","10:00","20:00"
"77","sam.","10:00","20:30"
"77","dim.","10:00-13:00",""
"78","lun.","10:00","20:30"
"78","mar.","10:00","20:30"
"78","mer.","10:00","20:30"
"78","jeu.","10:00","20:30"
"78","ven.","10:00","20:30"
"78","sam.","10:00","20:30"
"78","dim.","",""
"79","lun.","","16:00-20:30"
"79","mar.","10:30","20:30"
"79","mer.","10:30","20:30"
"79","jeu.","10:30","20:30"
"79","ven.","10:30","20:30"
"79","sam.","10:30","20:30"
"79","dim.","",""
"80","lun.","10:00","20:00"
"80","mar.","10:00","20:00"
"80","mer.","10:00","20:00"
"80","jeu.","10:00","20:00"
"80","ven.","10:00","20:00"
"80","sam.","10:00-13:00","16:00-19:00"
"80","dim.","",""
"81","lun.","",""
"81","mar.","10:00-13:00","15:30-20:00"
"81","mer.","10:00-13:30","15:30-20:00"
"81","jeu.","10:30-13:30","15:30-20:00"
"81","ven.","10:30-13:30","15:30-20:00"
"81","sam.","10:30-13:00","15:30-20:00"
"81","dim.","10:00-13:00",""
"82","lun.","","16:00-20:30"
"82","mar.","10:00-13:00","15:30-20:30"
"82","mer.","10:00-13:30","15:30-20:30"
"82","jeu.","10:00-13:00","15:30-20:30"
"82","ven.","10:00-13:00","15:30-20:30"
"82","sam.","10:00","20:30"
"82","dim.","10:00-13:00",""
"83","lun.","10:00","20:30"
"83","mar.","10:00","20:30"
"83","mer.","10:00","20:30"
"83","jeu.","10:00","20:30"
"83","ven.","09:30","20:30"
"83","sam.","10:00","20:30"
"83","dim.","",""
"84","lun.","",""
"84","mar.","10:00-14:00","15:00-20:30"
"84","mer.","10:00-14:00","15:00-20:30"
"84","jeu.","10:00-14:00","15:00-20:30"
"84","ven.","10:00-14:00","15:00-20:30"
"84","sam.","10:00-13:30","15:00-20:30"
"84","dim.","09:00-13:00",""
"85","lun.","","17:00-20:30"
"85","mar.","10:00-13:00","16:00-20:30"
"85","mer.","10:00-13:00","16:00-20:30"
"85","jeu.","10:00-13:00","16:00-20:30"
"85","ven.","10:00-13:00","16:00-20:30"
"85","sam.","10:00-13:00","15:00-20:30"
"85","dim.","",""
"86","lun.","10:30","22:30"
"86","mar.","10:30","22:30"
"86","mer.","10:30","22:30"
"86","jeu.","10:30","22:30"
"86","ven.","10:30","22:30"
"86","sam.","10:30","22:30"
"86","dim.","10:30","22:30"
"87","lun.","","17:30-20:30"
"87","mar.","10:00-13:00","16:00-20:30"
"87","mer.","10:00-13:00","16:00-20:30"
"87","jeu.","10:00-13:00","16:00-20:30"
"87","ven.","10:00-13:00","16:00-20:30"
"87","sam.","10:00-13:00","16:00-20:30"
"87","dim.","",""
"88","lun.","","16:00-20:30"
"88","mar.","10:00-13:00","15:30-20:30"
"88","mer.","10:00-13:00","15:30-20:30"
"88","jeu.","10:00-13:00","15:30-20:30"
"88","ven.","10:00-13:00","15:30-20:30"
"88","sam.","10:00-13:00","15:30-20:30"
"88","dim.","",""
"89","lun.","10:00","20:30"
"89","mar.","10:00","20:30"
"89","mer.","10:00","20:30"
"89","jeu.","10:00","20:30"
"89","ven.","10:00","20:30"
"89","sam.","10:00","20:30"
"89","dim.","",""
"90","lun.","",""
"90","mar.","10:00-13:00","15:30-20:15"
"90","mer.","10:00-13:00","15:30-20:15"
"90","jeu.","10:00-13:00","15:30-20:15"
"90","ven.","10:00-13:00","15:30-20:15"
"90","sam.","10:00-13:00","15:30-20:15"
"90","dim.","10:00-12:45",""
"91","lun.","14:00","20:00"
"91","mar.","09:00","20:00"
"91","mer.","09:00","20:00"
"91","jeu.","09:00","20:00"
"91","ven.","09:00","20:00"
"91","sam.","","14:00-19:00"
"91","dim.","",""
"92","lun.","","15:30-20:00"
"92","mar.","10:00-13:00","14:00-20:00"
"92","mer.","10:00-13:00","14:00-20:00"
"92","jeu.","10:00-13:00","14:00-20:00"
"92","ven.","10:00-13:00","14:00-20:00"
"92","sam.","10:00-13:00","14:00-20:00"
"92","dim.","10:00-13:00",""
"93","lun.","",""
"93","mar.","10:00-13:00","15:30-20:00"
"93","mer.","10:00-13:30","15:30-20:00"
"93","jeu.","10:00-13:00","15:30-20:00"
"93","ven.","10:00-13:00","15:30-20:00"
"93","sam.","10:00","20:00"
"93","dim.","10:00-13:00",""
"94","lun.","","16:00-20:30"
"94","mar.","10:00","20:30"
"94","mer.","10:00","20:30"
"94","jeu.","10:00","20:30"
"94","ven.","10:00","20:30"
"94","sam.","10:00","20:30"
"94","dim.","10:00-13:00",""
"95","lun.","",""
"95","mar.","10:00-13:30","15:00-20:30"
"95","mer.","10:00-13:30","15:00-20:30"
"95","jeu.","10:00-13:30","15:00-20:30"
"95","ven.","10:00-13:30","15:00-20:30"
"95","sam.","10:00","20:30"
"95","dim.","09:30-13:30",""
"96","lun.","","17:00-20:30"
"96","mar.","10:00-13:30","15:30-20:30"
"96","mer.","10:00-13:30","15:30-20:30"
"96","jeu.","10:00-13:30","15:30-20:30"
"96","ven.","10:00-13:30","15:30-21:00"
"96","sam.","10:00-13:30","14:30-21:00"
"96","dim.","",""
"97","lun.","","15:30-20:30"
"97","mar.","10:00","20:30"
"97","mer.","10:00","20:30"
"97","jeu.","10:00","20:30"
"97","ven.","10:00","20:30"
"97","sam.","10:00","20:30"
"97","dim.","10:00-13:30",""
"98","lun.","","16:00-20:30"
"98","mar.","10:00","20:30"
"98","mer.","10:00","20:30"
"98","jeu.","10:00","20:30"
"98","ven.","10:00","20:30"
"98","sam.","10:00","20:30"
"98","dim.","10:00-13:30",""
"99","lun.","","16:00-20:30"
"99","mar.","10:00","20:30"
"99","mer.","10:00","20:30"
"99","jeu.","10:00","20:30"
"99","ven.","10:00","20:30"
"99","sam.","10:00","20:30"
"99","dim.","",""
"100","lun.","","16:30-20:30"
"100","mar.","10:00-13:00","15:00-20:30"
"100","mer.","10:00-13:00","15:00-20:30"
"100","jeu.","10:00-13:00","15:00-20:30"
"100","ven.","10:00-13:00","15:00-20:30"
"100","sam.","10:00-13:00","14:00-20:30"
"100","dim.","",""
"101","lun.","","16:30-20:30"
"101","mar.","10:00-13:00","15:30-20:30"
"101","mer.","10:00-13:00","15:30-21:00"
"101","jeu.","10:00-13:30","13:00-21:00"
"101","ven.","10:00-13:00","15:00-20:30"
"101","sam.","10:00-13:00","15:30-20:30"
"101","dim.","",""
"102","lun.","",""
"102","mar.","10:00-13:00","16:00-20:00"
"102","mer.","10:00-13:00","16:00-20:00"
"102","jeu.","10:00-13:00","16:00-20:00"
"102","ven.","10:00-13:00","16:00-20:00"
"102","sam.","10:00-13:00","15:00-20:00"
"102","dim.","10:00-13:00",""
"103","lun.","",""
"103","mar.","09:00","20:00"
"103","mer.","09:00","20:00"
"103","jeu.","09:00","20:00"
"103","ven.","09:00","20:00"
"103","sam.","09:00","20:00"
"103","dim.","09:00-13:00",""
"104","lun.","","16:00-20:30"
"104","mar.","10:00","20:30"
"104","mer.","10:00","20:30"
"104","jeu.","10:00","20:30"
"104","ven.","10:00","20:30"
"104","sam.","10:00","20:30"
"104","dim.","10:00-13:30",""
"105","lun.","","16:30-20:00"
"105","mar.","10:00-13:00","16:00-20:30"
"105","mer.","10:00-13:00","16:00-20:30"
"105","jeu.","10:00-13:00","16:00-20:30"
"105","ven.","10:00-13:00","16:00-20:30"
"105","sam.","10:00-14:00","16:00-20:30"
"105","dim.","",""
"106","lun.","10:00","20:30"
"106","mar.","10:00","20:30"
"106","mer.","10:00","20:30"
"106","jeu.","10:00","20:30"
"106","ven.","10:00","20:30"
"106","sam.","",""
"106","dim.","",""
"107","lun.","","16:00-20:30"
"107","mar.","10:00-13:30","16:00-20:30"
"107","mer.","10:00-13:30","16:00-20:30"
"107","jeu.","10:00-13:30","16:00-20:30"
"107","ven.","10:00","20:30"
"107","sam.","10:00","20:30"
"107","dim.","",""
"108","lun.","","15:30-20:30"
"108","mar.","10:00-13:30","15:00-20:30"
"108","mer.","10:00-13:30","15:00-20:30"
"108","jeu.","10:00-13:30","15:00-20:30"
"108","ven.","10:00-13:30","15:00-20:30"
"108","sam.","10:00-13:00","15:30-20:30"
"108","dim.","10:00-13:00",""
"109","lun.","","15:30-20:00"
"109","mar.","10:30-13:30","15:30-20:00"
"109","mer.","10:30-13:30","15:30-20:00"
"109","jeu.","10:30-13:30","15:30-20:00"
"109","ven.","10:30-13:30","15:30-20:00"
"109","sam.","10:30","20:00"
"109","dim.","",""
"110","lun.","","16:00-20:00"
"110","mar.","10:00-13:30","15:00-20:00"
"110","mer.","10:00-13:30","15:00-20:00"
"110","jeu.","10:00-13:30","15:00-20:00"
"110","ven.","10:00-13:30","15:00-20:00"
"110","sam.","10:00-13:30","15:00-20:00"
"110","dim.","",""
"111","lun.","","16:00-19:30"
"111","mar.","10:00-13:00","15:00-20:00"
"111","mer.","10:00-13:00","15:00-20:30"
"111","jeu.","10:00-13:00","15:00-20:30"
"111","ven.","10:00-13:00","15:00-20:00"
"111","sam.","10:00","20:00"
"111","dim.","10:00-13:00",""
"112","lun.","10:00","20:30"
"112","mar.","10:00","20:30"
"112","mer.","10:00","20:30"
"112","jeu.","10:00","20:30"
"112","ven.","10:00","20:30"
"112","sam.","10:00","20:30"
"112","dim.","10:00-13:00",""
"113","lun.","","15:30-20:30"
"113","mar.","10:00-13:30","15:30-20:30"
"113","mer.","10:00-13:30","15:30-20:30"
"113","jeu.","10:00-13:30","15:30-20:30"
"113","ven.","10:00-13:30","15:30-20:30"
"113","sam.","10:00","20:30"
"113","dim.","10:00-13:30",""
"114","lun.","","16:00-20:30"
"114","mar.","10:00","20:30"
"114","mer.","10:00","20:30"
"114","jeu.","10:00","20:30"
"114","ven.","10:00","20:30"
"114","sam.","10:00","20:30"
"114","dim.","10:00-13:30",""
"115","lun.","",""
"115","mar.","09:30-13:00","15:30-20:00"
"115","mer.","09:30-13:00","15:30-20:00"
"115","jeu.","09:30-13:00","15:30-20:00"
"115","ven.","09:30-13:00","15:30-20:00"
"115","sam.","09:30","20:30"
"115","dim.","09:30-13:00",""
"116","lun.","",""
"116","mar.","10:00-13:00","15:30-20:00"
"116","mer.","10:00-13:30","15:30-20:00"
"116","jeu.","10:00-13:00","15:30-20:00"
"116","ven.","10:00-13:00","15:30-20:00"
"116","sam.","10:00-13:00","15:30-20:00"
"116","dim.","10:00-13:00",""
"117","lun.","",""
"117","mar.","10:00-13:30","15:30-20:00"
"117","mer.","10:00-13:30","15:30-20:00"
"117","jeu.","10:00-13:30","15:30-20:00"
"117","ven.","10:00-13:30","15:30-20:00"
"117","sam.","10:00-13:00","15:30-20:00"
"117","dim.","09:30-14:00",""
"118","lun.","","15:30-20:30"
"118","mar.","09:30-14:30","15:00-20:30"
"118","mer.","09:30-14:30","15:00-20:30"
"118","jeu.","09:30-14:30","15:00-20:30"
"118","ven.","09:30-14:30","16:00-20:30"
"118","sam.","09:30-14:00","15:00-20:30"
"118","dim.","",""
"119","lun.","","16:30-20:30"
"119","mar.","09:30","20:30"
"119","mer.","09:30","20:30"
"119","jeu.","09:30","20:30"
"119","ven.","09:30","20:30"
"119","sam.","09:30","20:30"
"119","dim.","09:30-13:00",""
"120","lun.","",""
"120","mar.","10:00-13:00","15:00-20:00"
"120","mer.","10:00-13:00","15:00-20:00"
"120","jeu.","10:00-13:00","15:00-20:00"
"120","ven.","10:00","20:00"
"120","sam.","10:00","20:00"
"120","dim.","10:00-13:00",""
"121","lun.","","16:00-20:30"
"121","mar.","10:00-14:30","15:00-20:30"
"121","mer.","10:00-14:30","15:00-20:30"
"121","jeu.","10:00-14:30","15:00-20:30"
"121","ven.","10:00-14:30","15:00-20:30"
"121","sam.","10:00","20:30"
"121","dim.","10:00-13:00",""
"122","lun.","09:00-13:00","15:30-20:00"
"122","mar.","09:00-13:30","15:30-20:00"
"122","mer.","09:00-13:30","15:30-20:00"
"122","jeu.","09:00-13:30","15:30-20:00"
"122","ven.","09:00-13:30","15:30-20:00"
"122","sam.","09:00-13:00","15:00-20:00"
"122","dim.","",""
"123","lun.","",""
"123","mar.","10:00-13:30","15:00-20:30"
"123","mer.","10:00-13:30","15:00-20:30"
"123","jeu.","10:00-13:30","15:00-20:30"
"123","ven.","10:00-13:30","15:00-20:30"
"123","sam.","10:00","20:00"
"123","dim.","09:30-13:00",""
"124","lun.","","15:30-20:00"
"124","mar.","09:30","20:00"
"124","mer.","09:30","20:00"
"124","jeu.","09:30","20:00"
"124","ven.","09:30","20:00"
"124","sam.","09:30","20:00"
"124","dim.","09:30-13:30",""
"125","lun.","10:00","21:00"
"125","mar.","10:00","21:00"
"125","mer.","10:00","21:00"
"125","jeu.","10:00","21:00"
"125","ven.","10:00","21:00"
"125","sam.","10:00","21:00"
"125","dim.","",""
"126","lun.","","15:00-20:00"
"126","mar.","09:30-13:30","15:30-20:00"
"126","mer.","09:30-13:30","15:30-20:00"
"126","jeu.","09:30-13:30","15:30-20:00"
"126","ven.","09:30-13:30","15:30-20:00"
"126","sam.","09:30-13:00","15:30-20:00"
"126","dim.","",""
"127","lun.","",""
"127","mar.","10:00-13:00","16:00-20:00"
"127","mer.","10:00-13:00","16:00-20:00"
"127","jeu.","10:00-13:00","16:00-20:00"
"127","ven.","10:00-13:00","16:00-20:00"
"127","sam.","10:00-13:00","16:00-20:00"
"127","dim.","10:00-13:00",""
"128","lun.","10:00","20:30"
"128","mar.","10:00","20:30"
"128","mer.","10:00","20:30"
"128","jeu.","10:00","20:30"
"128","ven.","10:00","20:30"
"128","sam.","10:00","20:30"
"128","dim.","",""
"129","lun.","10:00","20:30"
"129","mar.","10:00","20:30"
"129","mer.","10:00","20:30"
"129","jeu.","10:00","20:30"
"129","ven.","10:00","20:30"
"129","sam.","10:00","20:30"
"129","dim.","",""
"130","lun.","",""
"130","mar.","09:00","19:30"
"130","mer.","09:00","19:30"
"130","jeu.","09:00","19:30"
"130","ven.","09:00","19:30"
"130","sam.","09:00","19:30"
"130","dim.","09:00-13:00",""
"131","lun.","",""
"131","mar.","10:00-13:00","15:30-20:00"
"131","mer.","10:00-13:00","15:30-20:00"
"131","jeu.","10:00-13:00","15:30-20:00"
"131","ven.","10:00-13:00","15:30-20:00"
"131","sam.","09:30-13:30","15:30-20:00"
"131","dim.","10:00-13:00",""
"132","lun.","",""
"132","mar.","09:30-13:00","15:30-20:00"
"132","mer.","09:30-13:00","15:30-20:00"
"132","jeu.","09:30-13:00","15:30-20:00"
"132","ven.","09:30-13:30","16:00-20:00"
"132","sam.","09:30-13:00","15:30-20:00"
"132","dim.","09:30-13:00",""
"133","lun.","",""
"133","mar.","09:30-13:00","15:30-20:00"
"133","mer.","09:30-13:00","15:30-20:00"
"133","jeu.","09:30-13:00","15:30-20:00"
"133","ven.","09:30-13:00","15:30-20:00"
"133","sam.","09:30-13:00","15:30-20:00"
"133","dim.","09:30-13:00",""
"134","lun.","","16:00-20:30"
"134","mar.","10:30-13:00","16:00-20:30"
"134","mer.","10:30-13:00","16:00-20:30"
"134","jeu.","10:30-13:00","16:00-20:30"
"134","ven.","10:30-13:00","16:00-20:30"
"134","sam.","10:00","19:00"
"134","dim.","",""
"135","lun.","",""
"135","mar.","10:00-13:30","15:30-20:00"
"135","mer.","09:30-13:30","15:30-20:00"
"135","jeu.","09:30-13:30","15:30-20:00"
"135","ven.","09:30-13:30","15:30-20:00"
"135","sam.","09:30-13:00","15:30-20:00"
"135","dim.","09:30-13:00",""
"136","lun.","","15:30-20:30"
"136","mar.","10:00","20:30"
"136","mer.","10:00","20:30"
"136","jeu.","10:00","20:30"
"136","ven.","10:00","20:30"
"136","sam.","10:00","20:00"
"136","dim.","",""
"137","lun.","10:00","20:00"
"137","mar.","10:00","20:00"
"137","mer.","10:00","20:00"
"137","jeu.","10:00","20:00"
"137","ven.","10:00","20:00"
"137","sam.","10:00","20:00"
"137","dim.","",""
"138","lun.","10:00","20:30"
"138","mar.","10:00","20:30"
"138","mer.","10:00","20:30"
"138","jeu.","10:00","20:30"
"138","ven.","10:00","20:30"
"138","sam.","10:00","20:30"
"138","dim.","",""
"139","lun.","",""
"139","mar.","10:00-13:30","15:30-20:00"
"139","mer.","10:00-13:30","15:30-20:00"
"139","jeu.","10:00-13:30","15:30-20:00"
"139","ven.","10:00-13:30","15:30-20:00"
"139","sam.","10:00-13:00","15:30-20:00"
"139","dim.","10:00-13:00",""
"140","lun.","",""
"140","mar.","10:00-13:00","15:30-20:00"
"140","mer.","10:00-13:00","15:30-20:00"
"140","jeu.","10:00-13:00","15:30-20:00"
"140","ven.","10:00-13:30","16:00-20:00"
"140","sam.","10:00-13:00","15:30-20:00"
"140","dim.","10:00-13:00",""
"141","lun.","10:00","20:15"
"141","mar.","10:00","20:15"
"141","mer.","10:00","20:15"
"141","jeu.","10:00","20:15"
"141","ven.","10:00","20:15"
"141","sam.","10:00","20:15"
"141","dim.","",""
"142","lun.","","16:00-20:00"
"142","mar.","10:00","20:00"
"142","mer.","10:00","20:00"
"142","jeu.","10:00","20:00"
"142","ven.","10:00","20:00"
"142","sam.","10:00-13:30","15:30-20:00"
"142","dim.","",""
"143","lun.","","15:30-20:00"
"143","mar.","10:00-13:30","15:30-20:30"
"143","mer.","10:00-13:30","15:30-20:30"
"143","jeu.","10:00-13:30","15:30-20:30"
"143","ven.","10:00-13:30","15:30-20:30"
"143","sam.","10:00","20:30"
"143","dim.","09:30-13:00",""
"144","lun.","10:00","20:30"
"144","mar.","10:00","20:30"
"144","mer.","10:00","20:30"
"144","jeu.","10:00","20:30"
"144","ven.","10:00","20:30"
"144","sam.","10:00","20:30"
"144","dim.","",""
"145","lun.","",""
"145","mar.","10:00","20:30"
"145","mer.","10:00","20:30"
"145","jeu.","10:00","20:30"
"145","ven.","10:00","20:30"
"145","sam.","10:00","20:30"
"145","dim.","10:00-13:30",""
"146","lun.","",""
"146","mar.","10:00","20:00"
"146","mer.","10:00","20:00"
"146","jeu.","10:00","20:00"
"146","ven.","10:00","20:00"
"146","sam.","10:00","20:00"
"146","dim.","10:00-13:00",""
"147","lun.","10:00","21:00"
"147","mar.","10:00","21:00"
"147","mer.","10:00","21:00"
"147","jeu.","10:00","21:00"
"147","ven.","10:00","21:00"
"147","sam.","10:00","21:00"
"147","dim.","",""
"148","lun.","","16:00-20:00"
"148","mar.","10:00-13:30","15:30-20:30"
"148","mer.","10:00-13:30","15:30-20:30"
"148","jeu.","10:00-13:30","15:30-20:30"
"148","ven.","10:00-13:30","15:30-20:30"
"148","sam.","10:00-13:00","15:00-20:30"
"148","dim.","",""
"149","lun.","10:00","20:30"
"149","mar.","10:00","20:30"
"149","mer.","10:00","20:30"
"149","jeu.","10:00","20:30"
"149","ven.","10:00","20:30"
"149","sam.","10:00","20:30"
"149","dim.","",""
"151","lun.","09:30","21:00"
"151","mar.","10:00","21:00"
"151","mer.","10:00","20:00"
"151","jeu.","10:00","20:00"
"151","ven.","10:00","21:00"
"151","sam.","10:00","21:00"
"151","dim.","",""
"152","lun.","","15:00-20:00"
"152","mar.","10:00","20:00"
"152","mer.","10:00","20:00"
"152","jeu.","10:00","20:00"
"152","ven.","10:00","20:00"
"152","sam.","10:00","20:00"
"152","dim.","10:00-13:00",""
"153","lun.","","16:00-20:00"
"153","mar.","10:00","20:30"
"153","mer.","10:00","20:30"
"153","jeu.","10:00","20:30"
"153","ven.","09:00-13:00","15:30-20:30"
"153","sam.","10:00","20:30"
"153","dim.","10:00-13:00",""
"154","lun.","","16:00-20:30"
"154","mar.","10:00-13:00","16:00-20:30"
"154","mer.","10:00-13:00","16:00-20:30"
"154","jeu.","10:00-13:00","16:00-20:30"
"154","ven.","10:00-13:00","16:00-20:30"
"154","sam.","10:00-13:00","16:30-20:30"
"154","dim.","",""
"155","lun.","",""
"155","mar.","10:00-13:00","15:30-20:00"
"155","mer.","10:00-13:00","15:30-20:00"
"155","jeu.","10:00-13:00","15:30-20:00"
"155","ven.","10:00-13:00","15:30-20:00"
"155","sam.","10:00-13:00","15:30-20:00"
"155","dim.","10:00-13:00",""
"156","lun.","09:00","20:30"
"156","mar.","09:00","20:30"
"156","mer.","09:00","20:30"
"156","jeu.","09:00","20:30"
"156","ven.","09:00","20:30"
"156","sam.","09:00","20:30"
"156","dim.","",""
"157","lun.","",""
"157","mar.","10:00","20:30"
"157","mer.","10:00","20:30"
"157","jeu.","10:00","20:30"
"157","ven.","10:00","20:30"
"157","sam.","10:00","20:30"
"157","dim.","10:00-13:00",""
"158","lun.","",""
"158","mar.","09:30","20:30"
"158","mer.","09:30","20:30"
"158","jeu.","09:30","20:30"
"158","ven.","09:30","20:30"
"158","sam.","09:30","20:00"
"158","dim.","09:30-13:00",""
"159","lun.","",""
"159","mar.","10:00-13:00","15:30-20:00"
"159","mer.","10:00-13:30","15:30-20:00"
"159","jeu.","10:00-13:30","15:30-20:00"
"159","ven.","10:00-13:30","16:00-20:00"
"159","sam.","10:00-13:00","15:30-20:00"
"159","dim.","10:00-13:00",""
"160","lun.","",""
"160","mar.","10:00-13:00","15:30-20:00"
"160","mer.","10:00-13:00","15:30-20:00"
"160","jeu.","10:00-13:00","15:30-20:00"
"160","ven.","10:00-13:30","16:00-20:00"
"160","sam.","10:00-13:30","16:00-20:00"
"160","dim.","09:30-13:00",""
"161","lun.","09:30","20:00"
"161","mar.","09:30","20:00"
"161","mer.","09:30","20:00"
"161","jeu.","09:30","20:00"
"161","ven.","09:30","20:00"
"161","sam.","09:30","20:00"
"161","dim.","10:00-12:30",""
"162","lun.","",""
"162","mar.","10:00-13:00","15:30-20:00"
"162","mer.","10:00-13:00","15:30-20:00"
"162","jeu.","10:00-13:00","15:30-20:00"
"162","ven.","10:00-13:00","15:30-20:00"
"162","sam.","10:00","20:00"
"162","dim.","10:00-13:00",""
"163","lun.","",""
"163","mar.","09:30","19:45"
"163","mer.","09:30","19:45"
"163","jeu.","09:30","19:45"
"163","ven.","09:30","20:00"
"163","sam.","09:30","20:00"
"163","dim.","10:00-13:00",""
"164","lun.","","16:00-20:00"
"164","mar.","10:00","20:30"
"164","mer.","10:00","20:30"
"164","jeu.","10:00","20:30"
"164","ven.","10:00","20:30"
"164","sam.","10:00","20:30"
"164","dim.","",""
"165","lun.","","15:30-20:30"
"165","mar.","09:30-13:30","15:30-20:30"
"165","mer.","09:30-13:30","15:30-20:30"
"165","jeu.","09:30-13:30","15:30-20:30"
"165","ven.","09:30","20:30"
"165","sam.","09:30","20:30"
"165","dim.","09:30-13:30",""
"166","lun.","",""
"166","mar.","09:00","20:00"
"166","mer.","09:00","20:00"
"166","jeu.","09:00","20:00"
"166","ven.","09:00","20:00"
"166","sam.","09:00","20:00"
"166","dim.","09:00-13:00",""
"167","lun.","10:00","20:30"
"167","mar.","10:00","20:30"
"167","mer.","10:00","20:30"
"167","jeu.","10:00","20:30"
"167","ven.","10:00","20:30"
"167","sam.","10:00","20:30"
"167","dim.","10:00-13:30",""
"168","lun.","",""
"168","mar.","10:00","20:00"
"168","mer.","10:00","20:00"
"168","jeu.","10:00","20:00"
"168","ven.","10:00","20:00"
"168","sam.","10:00","20:00"
"168","dim.","10:00-13:00",""
"169","lun.","10:00","20:00"
"169","mar.","10:00","20:00"
"169","mer.","10:00","20:00"
"169","jeu.","10:00","20:00"
"169","ven.","10:00","20:00"
"169","sam.","10:00","20:00"
"169","dim.","10:00-13:00",""
"170","lun.","10:00","20:00"
"170","mar.","10:00","20:00"
"170","mer.","10:00","20:00"
"170","jeu.","10:00","20:00"
"170","ven.","10:00","20:00"
"170","sam.","10:00","20:00"
"170","dim.","",""
"171","lun.","","16:30-20:30"
"171","mar.","10:00","20:30"
"171","mer.","10:00","20:30"
"171","jeu.","10:00","20:30"
"171","ven.","10:00","20:30"
"171","sam.","10:00","20:30"
"171","dim.","",""
"172","lun.","","15:00-21:00"
"172","mar.","10:00","21:00"
"172","mer.","10:00","21:00"
"172","jeu.","10:00","21:00"
"172","ven.","10:00","21:00"
"172","sam.","10:00","21:00"
"172","dim.","10:00-13:00",""
"173","lun.","",""
"173","mar.","10:30","20:00"
"173","mer.","10:30","20:00"
"173","jeu.","10:30","20:00"
"173","ven.","10:30","20:00"
"173","sam.","10:30","20:00"
"173","dim.","",""
"174","lun.","",""
"174","mar.","09:30-13:00","15:30-20:00"
"174","mer.","09:30-13:00","15:30-20:00"
"174","jeu.","09:30-13:00","15:30-20:00"
"174","ven.","09:30-13:00","15:30-20:00"
"174","sam.","09:30-13:00","15:30-20:00"
"174","dim.","10:00-13:00",""
"175","lun.","10:00-13:30","15:30-20:30"
"175","mar.","10:00","20:30"
"175","mer.","10:00","20:30"
"175","jeu.","10:00","20:30"
"175","ven.","10:00","20:30"
"175","sam.","10:00","20:30"
"175","dim.","",""
"176","lun.","",""
"176","mar.","10:00-13:00","15:30-20:00"
"176","mer.","10:00-13:00","15:30-20:00"
"176","jeu.","10:00-13:00","15:30-20:00"
"176","ven.","10:00-13:30","16:00-20:00"
"176","sam.","10:00-13:30","16:00-20:00"
"176","dim.","10:00-13:30",""
"177","lun.","10:00","20:30"
"177","mar.","10:00","20:30"
"177","mer.","10:00","20:30"
"177","jeu.","10:00","20:30"
"177","ven.","10:00","20:30"
"177","sam.","10:00","20:30"
"177","dim.","",""
"178","lun.","",""
"178","mar.","09:30-13:00","15:30-20:00"
"178","mer.","09:30-13:00","15:30-20:00"
"178","jeu.","09:30-13:00","15:30-20:00"
"178","ven.","09:30-13:00","15:30-20:00"
"178","sam.","09:30-13:00","14:30-20:00"
"178","dim.","09:30-13:00",""
"179","lun.","",""
"179","mar.","09:30-13:00","15:00-19:30"
"179","mer.","09:30-13:00","15:00-19:30"
"179","jeu.","09:30-13:00","15:00-19:30"
"179","ven.","09:30-13:00","15:00-19:30"
"179","sam.","09:30-13:00","15:00-19:30"
"179","dim.","09:00-13:00",""
"180","lun.","","16:00-20:00"
"180","mar.","10:00-13:30","15:30-20:00"
"180","mer.","10:00-13:30","15:30-20:00"
"180","jeu.","10:00-13:30","15:30-20:00"
"180","ven.","10:00-13:30","15:30-20:00"
"180","sam.","10:00-13:00","16:00-20:00"
"180","dim.","",""
"181","lun.","10:00-13:00","15:30-20:30"
"181","mar.","10:00-13:00","15:30-20:30"
"181","mer.","10:00-13:00","15:30-20:30"
"181","jeu.","10:00-13:00","15:30-20:30"
"181","ven.","10:00-13:00","15:30-20:30"
"181","sam.","10:00-13:00","15:30-20:30"
"181","dim.","10:00-13:00",""
"182","lun.","10:00-13:00","14:30-20:30"
"182","mar.","10:00-13:00","14:30-20:30"
"182","mer.","10:00-13:30","14:30-20:30"
"182","jeu.","10:00-13:30","14:30-20:30"
"182","ven.","10:00-13:30","15:00-20:30"
"182","sam.","10:00-13:00","14:30-20:30"
"182","dim.","10:00-13:00",""
"183","lun.","",""
"183","mar.","09:00-13:00","15:30-20:00"
"183","mer.","09:00-13:00","15:30-20:00"
"183","jeu.","09:00-13:00","15:30-20:00"
"183","ven.","09:00-13:30","16:00-20:00"
"183","sam.","09:00-13:00","15:30-20:00"
"183","dim.","10:00-13:00",""
"184","lun.","10:00","20:30"
"184","mar.","10:00","20:30"
"184","mer.","10:00","20:30"
"184","jeu.","10:00","20:30"
"184","ven.","10:00","20:30"
"184","sam.","10:00","20:00"
"184","dim.","",""
"185","lun.","",""
"185","mar.","10:00","20:00"
"185","mer.","10:00","20:00"
"185","jeu.","10:00","20:00"
"185","ven.","10:00","20:00"
"185","sam.","10:00","20:00"
"185","dim.","10:00-13:00",""
"186","lun.","",""
"186","mar.","10:00-13:00","15:00-20:30"
"186","mer.","10:00-13:00","15:00-20:30"
"186","jeu.","10:00-13:00","15:00-20:30"
"186","ven.","10:00","20:30"
"186","sam.","10:00","20:30"
"186","dim.","10:00-13:00",""
"187","lun.","","16:00-20:00"
"187","mar.","10:30-13:30","15:30-20:30"
"187","mer.","10:30-13:30","15:30-20:30"
"187","jeu.","10:30-13:30","15:30-20:30"
"187","ven.","10:30-13:30","15:30-20:30"
"187","sam.","10:30-13:30","15:30-20:30"
"187","dim.","",""
"188","lun.","09:30","20:30"
"188","mar.","09:30","20:30"
"188","mer.","09:30","20:30"
"188","jeu.","09:30","20:30"
"188","ven.","09:30","20:30"
"188","sam.","09:30","20:30"
"188","dim.","09:30-13:30",""
"189","lun.","",""
"189","mar.","09:00-13:00","15:00-19:30"
"189","mer.","09:00-13:00","15:00-19:30"
"189","jeu.","09:00-13:00","15:00-19:30"
"189","ven.","09:00-13:00","15:00-19:30"
"189","sam.","09:00-13:00","15:00-19:30"
"189","dim.","10:00-13:00",""
"190","lun.","",""
"190","mar.","09:30-13:00","15:30-20:30"
"190","mer.","09:30-13:30","15:30-20:30"
"190","jeu.","09:30-13:30","15:30-20:30"
"190","ven.","09:30-13:30","16:00-20:30"
"190","sam.","09:30","20:30"
"190","dim.","09:30-13:00",""
"191","lun.","",""
"191","mar.","10:00","20:00"
"191","mer.","10:00","20:00"
"191","jeu.","10:00","20:00"
"191","ven.","10:00","20:00"
"191","sam.","10:00","20:00"
"191","dim.","10:00-13:00",""
"192","lun.","",""
"192","mar.","10:00-13:00","15:30-19:30"
"192","mer.","10:00-13:30","15:30-19:30"
"192","jeu.","10:00-13:30","15:30-19:30"
"192","ven.","10:00-13:30","16:00-19:30"
"192","sam.","10:00-13:00","15:30-19:30"
"192","dim.","10:00-12:00",""
"193","lun.","",""
"193","mar.","10:00-13:00","15:00-19:30"
"193","mer.","10:00-13:00","15:00-19:30"
"193","jeu.","10:00-13:00","15:00-19:30"
"193","ven.","10:00-13:30","15:30-19:30"
"193","sam.","10:00-13:00","15:00-19:30"
"193","dim.","10:00-13:00",""
"194","lun.","",""
"194","mar.","10:00","20:00"
"194","mer.","10:00","20:00"
"194","jeu.","10:00","20:00"
"194","ven.","10:00","20:00"
"194","sam.","10:00","20:00"
"194","dim.","10:00-13:00",""
"195","lun.","","16:00-20:00"
"195","mar.","10:00-13:30","15:30-20:00"
"195","mer.","10:00-13:30","15:30-20:00"
"195","jeu.","10:00-13:30","15:30-20:00"
"195","ven.","10:00-13:30","15:30-20:00"
"195","sam.","10:00-13:30","15:30-20:00"
"195","dim.","",""
"196","lun.","",""
"196","mar.","10:00-14:00","15:30-19:30"
"196","mer.","10:00-14:00","15:30-19:30"
"196","jeu.","10:00-14:00","15:30-19:30"
"196","ven.","10:00-14:00","15:30-19:30"
"196","sam.","10:00","19:30"
"196","dim.","",""
"198","lun.","",""
"198","mar.","09:00-13:00","15:30-20:00"
"198","mer.","09:00-13:00","15:30-20:00"
"198","jeu.","09:00-13:00","15:30-20:00"
"198","ven.","09:00-13:00","15:30-20:00"
"198","sam.","09:00-13:00","15:30-20:00"
"198","dim.","10:00-12:30",""
"200","lun.","",""
"200","mar.","10:00-13:00","15:30-19:30"
"200","mer.","10:00-13:30","15:30-19:30"
"200","jeu.","10:00-13:30","15:30-19:30"
"200","ven.","10:00-13:30","16:00-19:30"
"200","sam.","09:00-13:30","15:00-19:30"
"200","dim.","",""
"201","lun.","","16:00-20:00"
"201","mar.","10:00","20:00"
"201","mer.","10:00","20:00"
"201","jeu.","10:00","20:00"
"201","ven.","10:00","20:00"
"201","sam.","10:00","20:00"
"201","dim.","",""
"202","lun.","11:00","20:30"
"202","mar.","10:00","20:30"
"202","mer.","10:00","20:30"
"202","jeu.","10:00","20:30"
"202","ven.","10:00","20:30"
"202","sam.","10:00","20:30"
"202","dim.","",""
"203","lun.","",""
"203","mar.","09:30-13:00","15:30-20:00"
"203","mer.","09:30-13:00","15:30-20:00"
"203","jeu.","09:30-13:00","15:30-20:00"
"203","ven.","09:30-13:30","16:00-20:00"
"203","sam.","09:30-13:00","15:00-20:00"
"203","dim.","09:30-13:00",""
"204","lun.","",""
"204","mar.","09:30-13:00","15:30-20:00"
"204","mer.","09:30-13:00","15:30-20:00"
"204","jeu.","09:30-13:00","15:30-20:00"
"204","ven.","09:30-13:00","15:30-20:00"
"204","sam.","09:30-13:00","14:30-20:00"
"204","dim.","09:30-13:00",""
"205","lun.","",""
"205","mar.","09:00-13:00","15:00-20:00"
"205","mer.","09:00-13:00","15:00-20:00"
"205","jeu.","09:00-13:00","15:00-20:00"
"205","ven.","09:00-13:30","15:30-20:00"
"205","sam.","09:00-13:30","16:00-20:00"
"205","dim.","09:30-13:00",""
"206","lun.","10:00","20:00"
"206","mar.","10:00","21:00"
"206","mer.","10:00","21:00"
"206","jeu.","10:00","21:00"
"206","ven.","10:00","21:00"
"206","sam.","10:00","20:00"
"206","dim.","",""
"207","lun.","",""
"207","mar.","10:00-13:00","15:30-19:30"
"207","mer.","10:00-13:30","15:30-19:30"
"207","jeu.","10:00-13:30","15:30-19:30"
"207","ven.","10:00-13:30","16:00-19:30"
"207","sam.","10:00-13:00","15:30-19:30"
"207","dim.","10:00-12:30",""
"208","lun.","",""
"208","mar.","09:00-13:00","15:00-19:30"
"208","mer.","09:00-13:00","15:00-19:30"
"208","jeu.","09:00-13:00","15:00-19:30"
"208","ven.","09:00-13:00","15:00-19:30"
"208","sam.","08:30","19:30"
"208","dim.","09:00-13:00",""
"209","lun.","",""
"209","mar.","10:00-13:00","15:30-20:00"
"209","mer.","10:00-13:00","15:30-20:00"
"209","jeu.","10:00-13:00","15:30-20:00"
"209","ven.","10:00-13:30","16:00-20:00"
"209","sam.","10:00-13:00","15:30-20:00"
"209","dim.","10:00-13:00",""
"210","lun.","",""
"210","mar.","09:30-13:00","15:00-20:00"
"210","mer.","09:30-13:00","15:00-20:00"
"210","jeu.","09:30-13:00","15:00-20:00"
"210","ven.","09:30","20:00"
"210","sam.","09:30","20:00"
"210","dim.","10:00-13:00",""
"211","lun.","",""
"211","mar.","09:00-13:00","15:00-20:00"
"211","mer.","09:30-13:00","15:00-20:00"
"211","jeu.","09:30-13:00","15:00-20:00"
"211","ven.","09:00-13:30","15:30-20:00"
"211","sam.","09:30","20:00"
"211","dim.","09:00-13:00",""
"212","lun.","",""
"212","mar.","10:00-13:00","15:30-20:00"
"212","mer.","10:00-13:00","15:30-20:00"
"212","jeu.","10:00-13:00","15:30-20:00"
"212","ven.","10:00-13:30","16:00-20:00"
"212","sam.","10:00","20:00"
"212","dim.","10:00-13:00",""
"213","lun.","",""
"213","mar.","09:00-13:00","15:30-20:00"
"213","mer.","09:00-13:00","15:30-20:00"
"213","jeu.","09:00-13:00","15:30-20:00"
"213","ven.","09:00-13:00","15:30-20:00"
"213","sam.","09:00","20:00"
"213","dim.","09:30-13:00",""
"214","lun.","",""
"214","mar.","09:00-13:00","15:30-20:00"
"214","mer.","09:00-13:00","15:30-20:00"
"214","jeu.","09:00-13:00","15:30-20:00"
"214","ven.","09:00-13:00","15:30-20:00"
"214","sam.","09:00","20:00"
"214","dim.","09:00-13:00",""
"215","lun.","",""
"215","mar.","10:00-13:00","15:00-20:30"
"215","mer.","10:00-13:30","15:00-20:30"
"215","jeu.","10:00-13:30","15:00-20:30"
"215","ven.","10:00-13:30","15:30-20:30"
"215","sam.","10:00","20:30"
"215","dim.","10:00-12:30",""
"216","lun.","","16:00-20:00"
"216","mar.","09:30-13:00","15:30-20:00"
"216","mer.","09:30-13:00","15:30-20:00"
"216","jeu.","09:30-13:00","15:30-20:00"
"216","ven.","09:30-13:30","16:00-20:00"
"216","sam.","09:30","20:00"
"216","dim.","09:30-13:30",""
"217","lun.","","16:30-20:15"
"217","mar.","10:00-13:00","15:30-20:15"
"217","mer.","10:00-13:00","15:30-20:15"
"217","jeu.","10:00-13:00","15:30-20:15"
"217","ven.","10:00-13:00","15:30-20:15"
"217","sam.","10:00-13:00","15:00-20:15"
"217","dim.","",""
"218","lun.","",""
"218","mar.","10:00-13:30","15:00-20:00"
"218","mer.","10:00-14:00","15:00-20:00"
"218","jeu.","10:00-14:00","15:00-20:00"
"218","ven.","10:00-14:00","15:30-20:00"
"218","sam.","10:00-13:30","15:00-20:00"
"218","dim.","10:00-13:00",""
"219","lun.","",""
"219","mar.","10:00-13:00","15:00-20:00"
"219","mer.","10:00-13:00","15:00-20:00"
"219","jeu.","10:00-13:00","15:00-20:00"
"219","ven.","10:00-13:30","15:30-20:00"
"219","sam.","10:00","20:00"
"219","dim.","10:00-13:00",""
"220","lun.","",""
"220","mar.","09:00-12:30","15:00-19:30"
"220","mer.","09:00-12:30","15:00-19:30"
"220","jeu.","09:00-12:30","15:00-19:30"
"220","ven.","09:00-12:30","15:00-19:30"
"220","sam.","09:00-13:00","15:30-19:30"
"220","dim.","09:00-13:00",""
"221","lun.","",""
"221","mar.","10:00-13:00","15:30-20:30"
"221","mer.","10:00-13:00","15:30-20:30"
"221","jeu.","10:00-13:00","15:30-20:30"
"221","ven.","10:00-13:30","16:00-20:30"
"221","sam.","09:30","20:00"
"221","dim.","10:00-13:00",""
"222","lun.","",""
"222","mar.","09:30-13:00","15:30-20:00"
"222","mer.","09:30-13:30","15:30-20:00"
"222","jeu.","09:30-13:30","15:30-20:00"
"222","ven.","09:30-13:30","16:00-20:00"
"222","sam.","09:30-13:00","15:30-20:00"
"222","dim.","09:30-12:30",""
"223","lun.","",""
"223","mar.","09:30-13:00","15:30-20:00"
"223","mer.","09:30-13:30","15:30-20:00"
"223","jeu.","09:30-13:30","15:30-20:00"
"223","ven.","09:30-13:30","16:00-20:00"
"223","sam.","09:00-13:00","15:30-20:00"
"223","dim.","09:00-12:30",""
"224","lun.","",""
"224","mar.","10:00-13:00","15:30-20:00"
"224","mer.","10:00-13:00","15:30-20:00"
"224","jeu.","10:00-13:00","15:30-20:00"
"224","ven.","10:00-13:00","15:30-20:00"
"224","sam.","10:00-13:30","15:30-20:00"
"224","dim.","10:00-13:00",""
"225","lun.","10:00","20:00"
"225","mar.","10:00","21:00"
"225","mer.","10:00","21:00"
"225","jeu.","10:00","21:00"
"225","ven.","10:00","21:00"
"225","sam.","10:00","20:00"
"225","dim.","",""
"226","lun.","","15:00-20:00"
"226","mar.","09:00-13:00","15:00-20:00"
"226","mer.","09:00-13:00","15:00-20:00"
"226","jeu.","09:00-13:00","15:00-20:00"
"226","ven.","09:00","20:00"
"226","sam.","09:00","20:00"
"226","dim.","09:00-13:00",""
"227","lun.","",""
"227","mar.","09:30-13:00","15:00-19:30"
"227","mer.","09:30-13:30","15:00-19:30"
"227","jeu.","09:30-13:30","15:00-19:30"
"227","ven.","09:30-13:30","15:30-19:30"
"227","sam.","09:30-13:00","15:00-19:30"
"227","dim.","10:00-12:30",""
"228","lun.","09:00-13:30","15:00-20:00"
"228","mar.","09:00-13:30","15:00-20:00"
"228","mer.","09:00-14:00","15:00-20:00"
"228","jeu.","09:00-14:00","15:00-20:00"
"228","ven.","09:00","20:00"
"228","sam.","09:00","20:00"
"228","dim.","09:00-13:00",""
"229","lun.","",""
"229","mar.","10:00-13:00","15:30-19:30"
"229","mer.","10:00-13:00","15:30-19:30"
"229","jeu.","10:00-13:00","15:30-19:30"
"229","ven.","10:00-13:30","16:00-20:00"
"229","sam.","10:00-13:00","15:30-20:00"
"229","dim.","10:00-13:00",""
"230","lun.","","15:00-19:30"
"230","mar.","09:00-13:00","15:00-19:30"
"230","mer.","09:00-13:00","15:00-19:30"
"230","jeu.","09:00-13:00","15:00-19:30"
"230","ven.","09:00-13:30","15:00-19:30"
"230","sam.","09:00","19:30"
"230","dim.","09:00-13:30",""
"231","lun.","",""
"231","mar.","10:00-13:00","15:00-20:00"
"231","mer.","10:00-13:00","15:00-20:00"
"231","jeu.","10:00-13:00","15:00-20:00"
"231","ven.","10:00-13:30","15:30-20:00"
"231","sam.","10:00-13:00","15:00-20:00"
"231","dim.","10:00-13:00",""
"232","lun.","",""
"232","mar.","10:00-13:00","15:30-20:00"
"232","mer.","10:00-13:30","15:30-20:00"
"232","jeu.","10:00-13:30","15:30-20:00"
"232","ven.","10:00-13:30","16:00-20:00"
"232","sam.","10:00","20:00"
"232","dim.","10:00-13:00",""
"233","lun.","",""
"233","mar.","10:00-13:00","15:30-20:00"
"233","mer.","10:00-13:00","15:30-20:00"
"233","jeu.","10:00-13:00","15:30-20:00"
"233","ven.","10:00-13:30","16:00-20:00"
"233","sam.","10:00-13:00","15:30-20:00"
"233","dim.","10:00-13:00",""
"234","lun.","",""
"234","mar.","09:30-13:00","15:30-20:00"
"234","mer.","09:30-13:00","15:30-20:00"
"234","jeu.","09:30-13:00","15:30-20:00"
"234","ven.","09:30-13:30","16:00-20:00"
"234","sam.","09:30-13:00","15:30-20:00"
"234","dim.","09:30-13:00",""
"235","lun.","",""
"235","mar.","09:30-13:00","15:30-19:30"
"235","mer.","09:30-13:30","15:30-19:30"
"235","jeu.","09:30-13:30","15:30-19:30"
"235","ven.","09:30-13:30","16:00-19:30"
"235","sam.","09:30-13:00","15:30-19:30"
"235","dim.","09:30-13:00",""
"236","lun.","",""
"236","mar.","10:00-13:00","15:30-20:00"
"236","mer.","10:00-13:00","15:30-20:00"
"236","jeu.","10:00-13:00","15:30-20:00"
"236","ven.","10:00-13:00","15:30-20:00"
"236","sam.","10:00-13:00","15:30-20:00"
"236","dim.","09:30-13:00",""
"237","lun.","",""
"237","mar.","10:00-13:00","15:00-19:30"
"237","mer.","10:00-13:00","15:00-19:30"
"237","jeu.","10:00-13:00","15:00-19:30"
"237","ven.","10:00-13:00","15:00-19:30"
"237","sam.","10:00","19:30"
"237","dim.","10:00-13:00",""
"238","lun.","","15:30-19:30"
"238","mar.","09:30-13:30","15:00-20:00"
"238","mer.","09:30-13:30","15:00-20:00"
"238","jeu.","09:30-13:30","15:00-20:00"
"238","ven.","09:30-13:30","15:00-20:00"
"238","sam.","09:00","20:00"
"238","dim.","09:30-13:00",""
"239","lun.","",""
"239","mar.","10:30-13:00","15:30-20:00"
"239","mer.","10:30-13:00","15:30-20:00"
"239","jeu.","10:30-13:00","15:30-20:00"
"239","ven.","10:30-13:00","15:30-20:00"
"239","sam.","10:00","20:00"
"239","dim.","10:00-13:00",""
"240","lun.","",""
"240","mar.","09:30-13:00","15:00-20:00"
"240","mer.","09:30-13:00","15:00-20:00"
"240","jeu.","09:30-13:00","15:00-20:00"
"240","ven.","09:30-13:00","15:00-20:00"
"240","sam.","09:30","20:00"
"240","dim.","09:30-13:00",""
"241","lun.","",""
"241","mar.","09:30-13:00","15:00-19:30"
"241","mer.","09:30-13:30","15:00-19:30"
"241","jeu.","09:30-13:30","15:00-19:30"
"241","ven.","09:30-13:30","15:30-19:30"
"241","sam.","09:30-13:00","15:00-19:30"
"241","dim.","09:30-13:00",""
"242","lun.","",""
"242","mar.","10:00-13:00","15:00-20:00"
"242","mer.","10:00-13:00","15:00-20:00"
"242","jeu.","10:00-13:00","15:00-20:00"
"242","ven.","10:00-13:30","15:30-20:00"
"242","sam.","10:00-13:00","15:00-20:00"
"242","dim.","10:00-13:00",""
"243","lun.","",""
"243","mar.","09:30-13:00","15:30-20:00"
"243","mer.","09:30-13:00","15:30-20:00"
"243","jeu.","09:30-13:00","15:30-20:00"
"243","ven.","09:30","20:00"
"243","sam.","09:30","20:00"
"243","dim.","09:30-13:00",""
"244","lun.","",""
"244","mar.","09:00-13:00","15:30-19:30"
"244","mer.","09:00-13:30","15:30-19:30"
"244","jeu.","09:00-13:30","15:30-19:30"
"244","ven.","09:00-13:30","16:00-19:30"
"244","sam.","09:00-13:00","14:30-19:30"
"244","dim.","09:30-13:00",""
"245","lun.","",""
"245","mar.","09:30-12:30","16:00-19:30"
"245","mer.","09:30-13:00","16:00-19:30"
"245","jeu.","09:30-13:00","16:00-19:30"
"245","ven.","09:30-13:00","16:30-19:30"
"245","sam.","09:30-12:30","16:00-19:30"
"245","dim.","09:30-12:30",""
"246","lun.","",""
"246","mar.","10:00-12:30","15:30-19:30"
"246","mer.","10:00-12:30","15:30-19:30"
"246","jeu.","10:00-12:30","15:30-19:30"
"246","ven.","10:00-12:30","15:30-19:30"
"246","sam.","10:00-12:30","15:30-19:30"
"246","dim.","",""
"248","lun.","",""
"248","mar.","09:00-13:00","15:30-20:00"
"248","mer.","09:00-13:00","15:30-20:00"
"248","jeu.","09:00-13:00","15:30-20:00"
"248","ven.","09:00-13:00","15:30-20:00"
"248","sam.","09:00","20:00"
"248","dim.","09:00-13:00",""
"249","lun.","10:00","21:00"
"249","mar.","10:00","21:00"
"249","mer.","10:00","21:00"
"249","jeu.","10:00","21:00"
"249","ven.","10:00","21:00"
"249","sam.","10:00","20:00"
"249","dim.","",""
"250","lun.","",""
"250","mar.","10:00-13:00","15:30-20:00"
"250","mer.","10:00-13:00","15:30-20:00"
"250","jeu.","10:00-13:00","15:30-20:00"
"250","ven.","10:00-13:30","16:00-20:00"
"250","sam.","10:00-13:00","15:30-20:00"
"250","dim.","10:00-13:00",""
"251","lun.","",""
"251","mar.","09:30-13:00","15:00-19:30"
"251","mer.","09:30-13:00","15:00-19:30"
"251","jeu.","09:30-13:00","15:00-19:30"
"251","ven.","09:30-13:00","15:00-19:30"
"251","sam.","09:30-13:00","15:00-19:30"
"251","dim.","09:30-13:00",""
"252","lun.","",""
"252","mar.","10:00-13:00","15:00-19:30"
"252","mer.","10:00-13:00","15:00-19:30"
"252","jeu.","10:00-13:00","15:00-19:30"
"252","ven.","10:00","20:00"
"252","sam.","10:00","20:00"
"252","dim.","10:00-13:00",""
"253","lun.","10:00","20:00"
"253","mar.","10:00","20:00"
"253","mer.","10:00","20:00"
"253","jeu.","10:00","20:00"
"253","ven.","10:00","20:00"
"253","sam.","10:00","20:00"
"253","dim.","",""
"254","lun.","","15:00-19:00"
"254","mar.","09:30-12:30","15:30-19:30"
"254","mer.","09:30-12:30","15:30-19:30"
"254","jeu.","09:30-12:30","15:30-19:30"
"254","ven.","09:30-12:30","15:30-19:30"
"254","sam.","09:30-13:00","15:00-19:30"
"254","dim.","",""
"255","lun.","",""
"255","mar.","09:00-13:00","15:00-20:00"
"255","mer.","09:00-13:00","15:00-20:00"
"255","jeu.","09:00-13:00","15:00-20:00"
"255","ven.","09:00-13:00","15:00-20:00"
"255","sam.","09:00-13:00","15:00-20:00"
"255","dim.","09:00-13:00",""
"256","lun.","",""
"256","mar.","09:00-13:00","15:30-19:30"
"256","mer.","09:00-13:30","15:30-19:30"
"256","jeu.","09:00-13:30","15:30-19:30"
"256","ven.","09:00-13:30","16:00-20:00"
"256","sam.","09:00-13:00","15:30-20:00"
"256","dim.","09:30-13:00",""
"257","lun.","",""
"257","mar.","10:00-13:00","15:00-20:00"
"257","mer.","10:00-13:30","15:00-20:00"
"257","jeu.","10:00-13:30","15:00-20:00"
"257","ven.","10:00-13:30","15:30-20:00"
"257","sam.","10:00-13:30","15:00-20:00"
"257","dim.","10:00-13:30",""
"258","lun.","",""
"258","mar.","09:30-13:00","15:30-19:30"
"258","mer.","09:30-13:30","15:30-19:30"
"258","jeu.","09:30-13:30","15:30-19:30"
"258","ven.","09:30-13:30","16:00-19:30"
"258","sam.","09:30-13:00","15:30-19:30"
"258","dim.","09:30-12:00",""
"259","lun.","",""
"259","mar.","09:30-13:00","15:00-19:30"
"259","mer.","09:30-13:00","15:00-19:30"
"259","jeu.","09:30-13:00","15:00-19:30"
"259","ven.","09:30-13:30","15:30-20:00"
"259","sam.","09:30","20:00"
"259","dim.","09:30-13:00",""
"260","lun.","","16:00-20:00"
"260","mar.","10:00-13:00","16:00-20:00"
"260","mer.","10:00-13:00","16:00-20:00"
"260","jeu.","10:00-13:00","16:00-20:00"
"260","ven.","10:00-13:30","15:30-20:00"
"260","sam.","10:00-13:00","15:00-20:00"
"260","dim.","",""
"261","lun.","",""
"261","mar.","10:00-13:00","15:00-19:30"
"261","mer.","10:00-13:00","15:00-19:30"
"261","jeu.","10:00-13:00","15:00-19:30"
"261","ven.","10:00-13:00","15:00-19:30"
"261","sam.","10:00-13:00","15:00-19:30"
"261","dim.","10:00-13:00",""
"262","lun.","",""
"262","mar.","09:30-13:00","15:00-19:30"
"262","mer.","09:30-13:00","15:00-19:30"
"262","jeu.","09:30-13:00","15:00-19:30"
"262","ven.","09:30-13:30","15:30-20:00"
"262","sam.","09:30-13:30","15:30-20:00"
"262","dim.","10:00-13:00",""
"263","lun.","",""
"263","mar.","09:30-13:00","15:00-20:00"
"263","mer.","09:30-13:30","15:00-20:00"
"263","jeu.","09:30-13:30","15:00-20:00"
"263","ven.","09:30-13:30","15:30-20:00"
"263","sam.","09:30","20:00"
"263","dim.","09:30-13:00",""
"264","lun.","",""
"264","mar.","09:30-13:00","15:00-20:00"
"264","mer.","09:30-13:00","15:00-20:00"
"264","jeu.","09:30-13:00","15:00-20:00"
"264","ven.","09:30-13:30","15:30-20:00"
"264","sam.","09:30-13:30","15:30-20:00"
"264","dim.","10:00-13:00",""
"265","lun.","",""
"265","mar.","09:30-13:00","15:00-19:30"
"265","mer.","09:30-13:00","15:00-19:30"
"265","jeu.","09:30-13:00","15:00-19:30"
"265","ven.","09:30-13:30","16:00-20:00"
"265","sam.","09:30-13:30","15:30-20:00"
"265","dim.","09:30-13:00",""
"266","lun.","",""
"266","mar.","10:00-13:00","15:00-20:00"
"266","mer.","10:00-13:00","15:00-20:00"
"266","jeu.","10:00-13:00","15:00-20:00"
"266","ven.","10:00-13:00","15:00-20:00"
"266","sam.","10:00-13:00","14:00-20:00"
"266","dim.","10:00-13:00",""
"267","lun.","09:00","21:00"
"267","mar.","09:00","21:00"
"267","mer.","09:00","21:00"
"267","jeu.","09:00","21:00"
"267","ven.","09:00","21:00"
"267","sam.","09:00","20:00"
"267","dim.","",""
"268","lun.","",""
"268","mar.","09:30-13:00","15:30-19:30"
"268","mer.","09:30-13:00","15:30-19:30"
"268","jeu.","09:30-13:00","15:30-19:30"
"268","ven.","09:30-13:30","16:00-19:30"
"268","sam.","09:30-13:30","15:30-19:30"
"268","dim.","09:30-13:00",""
"269","lun.","",""
"269","mar.","09:30-13:30","15:30-19:30"
"269","mer.","09:30-13:30","15:30-19:30"
"269","jeu.","09:30-13:30","15:30-19:30"
"269","ven.","09:30-13:30","15:30-19:30"
"269","sam.","09:30-13:00","16:00-19:30"
"269","dim.","10:00-13:00",""
"270","lun.","10:30","20:00"
"270","mar.","09:30","20:00"
"270","mer.","09:30","20:30"
"270","jeu.","09:30","20:30"
"270","ven.","09:30","20:00"
"270","sam.","09:30","20:00"
"270","dim.","09:00-13:00",""
"271","lun.","",""
"271","mar.","09:30-13:00","15:00-20:00"
"271","mer.","09:30-13:00","15:00-20:00"
"271","jeu.","09:30-13:00","15:00-20:00"
"271","ven.","09:30-13:30","15:30-20:00"
"271","sam.","09:30-13:00","14:00-20:00"
"271","dim.","09:30-13:00",""
"272","lun.","",""
"272","mar.","10:00-13:00","15:30-20:00"
"272","mer.","10:00-13:30","15:30-20:00"
"272","jeu.","10:00-13:30","15:30-20:00"
"272","ven.","10:00-13:30","16:00-20:00"
"272","sam.","10:00","20:00"
"272","dim.","10:00-13:00",""
"273","lun.","",""
"273","mar.","09:30-13:00","14:30-19:30"
"273","mer.","09:30-13:00","14:30-19:30"
"273","jeu.","09:30-13:00","14:30-19:30"
"273","ven.","09:30-13:00","14:30-19:30"
"273","sam.","09:30","19:30"
"273","dim.","09:30-13:00",""
"274","lun.","",""
"274","mar.","09:30-13:00","15:00-20:00"
"274","mer.","09:30-13:00","15:00-20:00"
"274","jeu.","09:30-13:00","15:00-20:00"
"274","ven.","09:30-13:30","15:30-20:00"
"274","sam.","09:30-13:30","14:30-20:00"
"274","dim.","09:30-13:00",""
"275","lun.","",""
"275","mar.","09:30-13:00","15:30-19:45"
"275","mer.","09:30-13:00","15:30-19:45"
"275","jeu.","09:30-13:00","15:30-19:45"
"275","ven.","09:30-13:00","15:30-19:45"
"275","sam.","09:30-13:00","15:30-19:45"
"275","dim.","09:30-13:00",""
"276","lun.","",""
"276","mar.","10:00-13:00","15:30-20:00"
"276","mer.","10:00-13:00","15:30-20:00"
"276","jeu.","10:00-13:00","15:30-20:00"
"276","ven.","10:00-13:30","16:00-20:00"
"276","sam.","10:00-13:30","16:00-20:00"
"276","dim.","10:00-13:00",""
"277","lun.","",""
"277","mar.","09:00-13:00","15:30-20:00"
"277","mer.","09:00-13:00","15:30-20:00"
"277","jeu.","09:00-13:00","15:30-20:00"
"277","ven.","09:00-13:30","16:00-20:00"
"277","sam.","09:00-13:30","16:00-20:00"
"277","dim.","09:30-13:00",""
"278","lun.","",""
"278","mar.","09:30-13:00","15:30-19:30"
"278","mer.","09:30-13:00","15:30-19:30"
"278","jeu.","09:30-13:00","15:30-19:30"
"278","ven.","09:30-13:00","15:30-19:30"
"278","sam.","09:00-13:00","15:00-19:30"
"278","dim.","09:30-13:00",""
"279","lun.","","15:30-20:00"
"279","mar.","09:00","20:00"
"279","mer.","09:00","20:00"
"279","jeu.","09:00","20:00"
"279","ven.","09:00","20:00"
"279","sam.","09:00","20:00"
"279","dim.","09:00-13:00",""
"281","lun.","","16:00-19:30"
"281","mar.","11:00-13:30","16:00-20:00"
"281","mer.","11:00-14:30","16:00-20:00"
"281","jeu.","11:00-14:30","16:00-20:00"
"281","ven.","11:00-14:30","16:30-20:00"
"281","sam.","11:00-14:00","15:30-20:00"
"281","dim.","",""
"282","lun.","",""
"282","mar.","09:30-13:00","14:30-19:30"
"282","mer.","09:30-13:30","14:30-19:30"
"282","jeu.","09:30-13:30","14:30-19:30"
"282","ven.","09:30-13:30","15:00-19:30"
"282","sam.","09:30","20:00"
"282","dim.","09:30-13:00",""
"283","lun.","10:00","20:00"
"283","mar.","10:00","20:00"
"283","mer.","10:00","20:00"
"283","jeu.","10:00","20:00"
"283","ven.","10:00","20:00"
"283","sam.","10:00","20:00"
"283","dim.","",""
"284","lun.","",""
"284","mar.","09:30-13:00","15:00-20:00"
"284","mer.","09:30-13:30","15:00-20:00"
"284","jeu.","09:30-13:30","15:00-20:00"
"284","ven.","09:30-13:30","15:30-20:00"
"284","sam.","09:30-13:00","15:30-20:00"
"284","dim.","09:30-13:00",""
"285","lun.","",""
"285","mar.","09:30-13:00","15:30-20:00"
"285","mer.","09:30-13:30","15:30-20:00"
"285","jeu.","09:30-13:30","15:30-20:00"
"285","ven.","09:30-13:30","16:00-20:00"
"285","sam.","09:00","20:00"
"285","dim.","09:00-13:00",""
"287","lun.","",""
"287","mar.","09:30-13:00","15:00-19:45"
"287","mer.","09:30-13:00","15:00-19:45"
"287","jeu.","09:30-13:00","15:00-19:45"
"287","ven.","09:30-13:00","15:00-19:45"
"287","sam.","09:30","19:45"
"287","dim.","09:30-13:00",""
"288","lun.","",""
"288","mar.","09:00-13:00","15:00-20:00"
"288","mer.","09:00-13:00","15:00-20:00"
"288","jeu.","09:00-13:00","15:00-20:00"
"288","ven.","09:00-13:00","15:00-20:00"
"288","sam.","09:00-13:00","14:30-20:00"
"288","dim.","09:00-13:00",""
"289","lun.","",""
"289","mar.","09:30-13:00","15:15-19:45"
"289","mer.","09:30-13:00","15:15-19:45"
"289","jeu.","09:30-13:00","15:15-19:45"
"289","ven.","09:30-13:00","15:15-19:45"
"289","sam.","09:30-13:00","15:15-19:45"
"289","dim.","09:30-13:00",""
"290","lun.","",""
"290","mar.","09:00-12:30","15:00-19:30"
"290","mer.","09:00-13:00","15:00-19:30"
"290","jeu.","09:00-13:00","15:00-19:30"
"290","ven.","09:00-13:30","15:30-19:30"
"290","sam.","09:00-13:00","15:00-19:30"
"290","dim.","09:00-13:00",""
"291","lun.","",""
"291","mar.","09:30-13:00","15:00-20:00"
"291","mer.","09:30-13:00","15:00-20:00"
"291","jeu.","09:30-13:00","15:00-20:00"
"291","ven.","09:30-13:30","15:30-20:00"
"291","sam.","09:30-13:00","15:00-20:00"
"291","dim.","10:00-13:00",""
"292","lun.","",""
"292","mar.","10:00-13:00","15:00-20:00"
"292","mer.","10:00-13:00","15:00-20:00"
"292","jeu.","10:00-13:00","15:00-20:00"
"292","ven.","10:00-13:00","15:00-20:00"
"292","sam.","10:00-13:30","14:30-20:00"
"292","dim.","10:00-13:00",""
"294","lun.","",""
"294","mar.","10:00-13:00","15:00-19:30"
"294","mer.","10:00-13:00","15:00-19:30"
"294","jeu.","10:00-13:00","15:00-19:30"
"294","ven.","10:00-13:30","15:30-19:30"
"294","sam.","10:00","19:30"
"294","dim.","10:00-13:00",""
"295","lun.","10:00","20:00"
"295","mar.","10:00","20:00"
"295","mer.","10:00","20:00"
"295","jeu.","10:00","20:00"
"295","ven.","10:00","20:00"
"295","sam.","10:00","20:00"
"295","dim.","",""
"296","lun.","10:00","20:00"
"296","mar.","10:00","20:00"
"296","mer.","10:00","20:00"
"296","jeu.","10:00","20:00"
"296","ven.","10:00","20:00"
"296","sam.","10:00","20:00"
"296","dim.","",""
"297","lun.","",""
"297","mar.","09:00-13:00","15:00-19:30"
"297","mer.","09:00-13:00","15:00-19:30"
"297","jeu.","09:00-13:00","15:00-19:30"
"297","ven.","09:00-13:30","15:30-19:30"
"297","sam.","09:00","19:30"
"297","dim.","09:00-13:00",""
"298","lun.","",""
"298","mar.","10:00-13:00","15:30-19:30"
"298","mer.","10:00-13:30","15:30-19:30"
"298","jeu.","10:00-13:30","15:30-19:30"
"298","ven.","10:00-13:30","16:00-19:30"
"298","sam.","10:00-13:00","14:00-19:30"
"298","dim.","10:00-13:00",""
"299","lun.","10:00","20:00"
"299","mar.","10:00","20:00"
"299","mer.","10:00","20:00"
"299","jeu.","10:00","20:00"
"299","ven.","10:00","20:00"
"299","sam.","10:00","20:00"
"299","dim.","",""
"300","lun.","",""
"300","mar.","10:00-13:00","15:30-19:45"
"300","mer.","10:00-13:00","15:30-19:45"
"300","jeu.","10:00-13:00","15:30-19:45"
"300","ven.","10:00-13:00","15:30-19:45"
"300","sam.","10:00-13:00","14:30-19:30"
"300","dim.","",""
"301","lun.","",""
"301","mar.","09:00-13:00","15:00-20:00"
"301","mer.","09:00-13:00","15:00-20:00"
"301","jeu.","09:00-13:00","15:00-20:00"
"301","ven.","09:00-13:00","15:00-20:00"
"301","sam.","09:00","20:00"
"301","dim.","09:00-13:00",""
"302","lun.","",""
"302","mar.","09:30-13:00","15:30-19:30"
"302","mer.","09:30-13:00","15:30-19:30"
"302","jeu.","09:30-13:00","15:30-19:30"
"302","ven.","09:30-13:00","15:30-19:30"
"302","sam.","09:30","19:30"
"302","dim.","09:30-13:00",""
"304","lun.","",""
"304","mar.","09:00-13:00","15:30-20:00"
"304","mer.","09:00-13:00","15:30-20:00"
"304","jeu.","09:00-13:00","15:30-20:00"
"304","ven.","09:00-13:30","16:00-20:00"
"304","sam.","09:00-13:00","15:00-20:00"
"304","dim.","09:00-13:00",""
"305","lun.","",""
"305","mar.","09:30-13:00","15:30-20:00"
"305","mer.","09:30-13:00","15:30-20:00"
"305","jeu.","09:30-13:00","15:30-20:00"
"305","ven.","09:30-13:00","15:30-20:00"
"305","sam.","09:30-13:00","15:30-20:00"
"305","dim.","09:30-13:00",""
"306","lun.","",""
"306","mar.","09:00-13:00","15:30-19:30"
"306","mer.","09:00-13:30","15:30-19:30"
"306","jeu.","09:00-13:30","15:30-19:30"
"306","ven.","09:00-13:30","16:00-19:30"
"306","sam.","09:00-13:00","16:00-19:30"
"306","dim.","09:00-13:00",""
"307","lun.","",""
"307","mar.","09:00-12:30","15:00-19:30"
"307","mer.","09:00-12:30","15:00-19:30"
"307","jeu.","09:00-12:30","15:00-19:30"
"307","ven.","09:00-13:00","15:30-19:30"
"307","sam.","09:00-12:30","15:00-19:30"
"307","dim.","09:00-13:00",""
"308","lun.","","15:00-19:30"
"308","mar.","09:00-12:30","14:30-19:30"
"308","mer.","09:00-12:30","14:30-19:30"
"308","jeu.","09:00-12:30","14:30-19:30"
"308","ven.","09:00-12:30","14:30-19:30"
"308","sam.","09:30-13:00","14:30-19:30"
"308","dim.","10:00-12:30",""
"309","lun.","","16:00-20:00"
"309","mar.","10:00","20:00"
"309","mer.","10:00","20:00"
"309","jeu.","10:00","20:00"
"309","ven.","10:00","20:00"
"309","sam.","10:00","20:00"
"309","dim.","",""
"310","lun.","",""
"310","mar.","10:00-13:00","15:00-20:00"
"310","mer.","10:00-13:00","15:00-20:00"
"310","jeu.","10:00-13:00","15:00-20:00"
"310","ven.","10:00-13:30","15:30-20:00"
"310","sam.","10:00-13:30","15:30-20:00"
"310","dim.","10:00-13:00",""
"311","lun.","","15:00-19:30"
"311","mar.","10:00-13:30","15:00-19:30"
"311","mer.","10:00-14:30","15:00-19:30"
"311","jeu.","10:00-14:30","15:00-19:30"
"311","ven.","10:00-14:30","15:30-19:30"
"311","sam.","10:00","19:30"
"311","dim.","",""
"312","lun.","",""
"312","mar.","09:00-12:30","15:00-19:30"
"312","mer.","09:00-12:30","15:00-19:30"
"312","jeu.","09:00-12:30","15:00-19:30"
"312","ven.","09:00-12:30","15:00-19:30"
"312","sam.","09:00","20:00"
"312","dim.","09:00-13:00",""
"313","lun.","",""
"313","mar.","09:30-12:30","15:00-19:30"
"313","mer.","09:00-13:00","15:00-19:30"
"313","jeu.","09:00-13:00","15:00-19:30"
"313","ven.","09:30-13:00","15:30-19:30"
"313","sam.","09:30-12:30","14:30-19:30"
"313","dim.","",""
"314","lun.","",""
"314","mar.","09:30-13:00","15:00-19:30"
"314","mer.","09:30-13:00","15:00-19:30"
"314","jeu.","09:30-13:00","15:00-19:30"
"314","ven.","09:30-13:00","15:00-19:30"
"314","sam.","09:30-13:00","15:00-19:30"
"314","dim.","10:00-13:00",""
"315","lun.","",""
"315","mar.","09:30-12:30","15:00-19:00"
"315","mer.","09:30-13:00","15:00-19:00"
"315","jeu.","09:30-13:00","15:00-19:00"
"315","ven.","09:30-13:00","15:30-19:00"
"315","sam.","09:30-12:30","15:00-19:30"
"315","dim.","10:00-13:00",""
"316","lun.","09:30","20:30"
"316","mar.","09:30","20:30"
"316","mer.","09:30","20:30"
"316","jeu.","09:30","20:30"
"316","ven.","09:30","20:30"
"316","sam.","09:00","20:00"
"316","dim.","",""
"317","lun.","",""
"317","mar.","10:00-13:00","14:30-19:30"
"317","mer.","10:00-13:00","14:30-19:30"
"317","jeu.","10:00-13:00","14:30-19:30"
"317","ven.","10:00-13:30","15:00-19:30"
"317","sam.","10:00","19:30"
"317","dim.","10:00-12:30",""
"318","lun.","",""
"318","mar.","09:30-13:00","15:00-19:30"
"318","mer.","09:30-13:00","15:00-19:30"
"318","jeu.","09:30-13:00","15:00-19:30"
"318","ven.","09:30-13:00","15:00-19:30"
"318","sam.","09:00","19:30"
"318","dim.","09:30-13:00",""
"319","lun.","",""
"319","mar.","09:00-12:30","15:00-19:30"
"319","mer.","09:00-13:00","15:00-19:30"
"319","jeu.","09:00-13:00","15:00-19:30"
"319","ven.","09:00-13:00","15:30-19:30"
"319","sam.","09:00-12:30","15:00-19:30"
"319","dim.","09:30-12:30",""
"320","lun.","",""
"320","mar.","09:30-12:30","15:00-19:00"
"320","mer.","09:30-12:30","15:00-19:00"
"320","jeu.","09:30-12:30","15:00-19:00"
"320","ven.","09:30-12:30","15:00-19:30"
"320","sam.","09:30-12:30","15:00-19:30"
"320","dim.","09:30-13:00",""
"321","lun.","",""
"321","mar.","09:00-13:00","14:30-19:30"
"321","mer.","09:00-13:00","14:30-19:30"
"321","jeu.","09:00-13:00","14:30-19:30"
"321","ven.","09:00-13:00","14:30-19:30"
"321","sam.","09:00","19:45"
"321","dim.","09:30-13:00",""
"322","lun.","","14:30-19:30"
"322","mar.","09:30-13:00","14:30-19:30"
"322","mer.","09:30-13:00","14:30-19:30"
"322","jeu.","09:30","19:30"
"322","ven.","09:30","19:30"
"322","sam.","09:30","19:30"
"322","dim.","09:30-12:30",""
"324","lun.","","15:00-19:00"
"324","mar.","09:00","19:30"
"324","mer.","09:00","19:30"
"324","jeu.","09:00","19:30"
"324","ven.","09:00","19:30"
"324","sam.","09:00","19:30"
"324","dim.","09:30-12:30",""
"326","lun.","","15:30-19:00"
"326","mar.","09:00-12:30","14:30-19:00"
"326","mer.","09:00-12:30","14:30-19:00"
"326","jeu.","09:00-12:30","14:30-19:00"
"326","ven.","09:00-13:00","14:00-19:00"
"326","sam.","09:00-13:00","15:00-19:30"
"326","dim.","",""
"327","lun.","","15:00-19:00"
"327","mar.","09:30-12:30","14:00-19:30"
"327","mer.","09:30-12:30","14:00-19:30"
"327","jeu.","09:30-12:30","14:00-19:30"
"327","ven.","09:30-13:00","14:30-19:30"
"327","sam.","09:30-12:30","14:00-19:30"
"327","dim.","",""
"329","lun.","",""
"329","mar.","09:30-12:30","15:00-19:30"
"329","mer.","09:30-12:30","15:00-19:30"
"329","jeu.","09:30-12:30","15:00-19:30"
"329","ven.","09:30-12:30","15:00-19:30"
"329","sam.","09:30","19:30"
"329","dim.","09:30-12:30",""
"330","lun.","",""
"330","mar.","09:30-13:00","15:00-19:30"
"330","mer.","09:30-13:00","15:00-19:30"
"330","jeu.","09:30-13:00","15:00-19:30"
"330","ven.","09:00-13:30","15:00-19:30"
"330","sam.","09:00","19:30"
"330","dim.","09:00-13:00",""
"331","lun.","10:00","20:00"
"331","mar.","10:00","20:00"
"331","mer.","10:00","20:00"
"331","jeu.","10:00","20:00"
"331","ven.","10:00","20:00"
"331","sam.","10:00","20:00"
"331","dim.","",""
"332","lun.","",""
"332","mar.","10:00","20:00"
"332","mer.","10:00","20:00"
"332","jeu.","10:00","20:00"
"332","ven.","10:00","20:00"
"332","sam.","10:00","20:00"
"332","dim.","09:00-12:30",""
"333","lun.","09:30","20:00"
"333","mar.","09:30","20:00"
"333","mer.","09:30","20:00"
"333","jeu.","09:30","20:00"
"333","ven.","09:30","20:00"
"333","sam.","09:30","20:00"
"333","dim.","",""
"334","lun.","","16:00-19:00"
"334","mar.","10:00-13:00","14:30-19:00"
"334","mer.","10:00-12:30","14:30-19:00"
"334","jeu.","10:00-12:30","14:30-19:00"
"334","ven.","10:00","19:00"
"334","sam.","10:00","19:00"
"334","dim.","",""
"335","lun.","",""
"335","mar.","09:30-12:30","14:00-19:00"
"335","mer.","09:30-13:00","14:00-19:00"
"335","jeu.","09:30-13:00","14:00-19:00"
"335","ven.","09:30-13:00","14:30-19:00"
"335","sam.","09:00","19:00"
"335","dim.","",""
"336","lun.","",""
"336","mar.","09:00-12:30","14:30-19:30"
"336","mer.","09:00-12:30","14:30-19:30"
"336","jeu.","09:00-12:30","14:30-19:30"
"336","ven.","09:30-12:30","14:30-19:30"
"336","sam.","09:00-12:30","14:00-19:30"
"336","dim.","09:30-13:00",""
"337","lun.","",""
"337","mar.","09:30-12:00","14:00-19:00"
"337","mer.","09:30-12:00","14:00-19:00"
"337","jeu.","09:30-12:00","14:00-19:00"
"337","ven.","09:30-12:00","14:00-19:00"
"337","sam.","09:00","19:00"
"337","dim.","10:00-13:00",""
"338","lun.","09:30","20:00"
"338","mar.","09:30","20:00"
"338","mer.","09:30","20:00"
"338","jeu.","09:30","20:00"
"338","ven.","09:30","20:00"
"338","sam.","09:30","20:00"
"338","dim.","09:30","20:00"
"339","lun.","",""
"339","mar.","09:30-13:00","15:00-19:30"
"339","mer.","09:30-13:00","15:00-19:30"
"339","jeu.","09:30-13:00","15:00-19:30"
"339","ven.","09:30-13:30","15:30-19:30"
"339","sam.","09:30","19:30"
"339","dim.","09:30-13:00",""
